name,id,popularity,duration_ms,album,album_id,artist,artist_id,speechiness,valence,mode,liveness,key,danceability,loudness,acousticness,instrumentalness,energy,tempo
Solamento,5dtVGvYTO7r9wPtmse04Hl,50,234509,Pra Doer,0uLTUkUC8dpt0sRF2BZ9nt,Tuyo,3Ujv6sa60JRiaxS8RVuNOj,0.0323,0.4,0,0.318,7,0.338,-8.383,0.824,0.0,0.39,80.521
Catuaba - Remix,0C7IvNXRw05k5szu5pdMHZ,45,182794,Carne de Pescoço,32JMnU7rH9mbBo6vpkr795,Heavy Baile,2E4sNJOOy9hae0J8DkT43M,0.0897,0.961,0,0.0874,10,0.725,-2.885,0.137,0.0,0.889,153.036
Vai Devagar,4GwhyzQe0nOUEopAU1RRwA,43,218775,Rosa Neon,5sjv9A1r45IByT8wIiYsVi,Rosa Neon,1dZEJGHOEVRro2A3sCKegm,0.127,0.743,0,0.314,1,0.687,-7.454,0.0311,8.71e-06,0.748,164.014
Oasis,0c3TyfP1ZKzlgWHrtj2R53,49,263352,Simulacre,1ly3ZOMmBJdbx94pftr70g,Potyguara Bardo,1GA8PoLYhHREPKuYYB5A3B,0.0353,0.676,0,0.139,6,0.693,-8.165,0.435,0.0,0.586,124.072
Reptilianos Malditos,6BlLyaZ9V8EgEjuXixAGaN,14,233991,Reptilianos Malditos,036t4SpGQXKOwfGDvpPHlb,demonia,7pZEe5A63tsfaS6FX7QfI9,0.0516,0.395,1,0.107,7,0.382,-10.185,0.0734,0.0055,0.641,156.912
Brechó,01esrDKeocG5gSj7qE2P1R,37,201586,Cobra Coral,15ZuUd8kxmo271XlFprTbL,Luísa e os Alquimistas,4MavQ0I0q9aAXj0mErfkqC,0.0836,0.645,0,0.0682,4,0.663,-8.981,0.0207,0.00226,0.683,164.015
Caixa Postal (Tum Tum),5wTfidvFtI6WOFA3zSxrER,42,204375,Caixa Postal (Tum Tum),5Xmh6APJg1l5dxvYdSm91J,ÀTTØØXXÁ,43jyzP3h86XvtC8FQm4ow3,0.0548,0.342,1,0.0996,8,0.8,-3.865,0.561,2.59e-05,0.672,127.822
Vidaloca,6LkrzyTo1p4huDt2vo94kl,50,284816,Pra Curar,3HjKk0aYQYuMFWDBS40amc,Tuyo,3Ujv6sa60JRiaxS8RVuNOj,0.0315,0.0543,0,0.108,7,0.555,-10.54,0.725,0.00114,0.394,114.952
I'm Trying,1YSDsNBPUsSOio93WlFu9Z,32,169025,I'm Trying,3Abwig0niJXfUhu7XVPEFF,Violet Soda,3Snt0yYn8xqelkIyqcZmZD,0.0597,0.329,1,0.094,4,0.646,-7.746,0.00405,0.0213,0.681,128.083
Outro É Tu,58U3DM8VRdMLo3brQkNgEy,39,184000,O Bico Triste da Arara,59oSwho7hlaZndL2EtCnCQ,Bruno Batista,6O3AcIjdRlSoAclH0rzWQy,0.101,0.939,1,0.294,4,0.771,-4.042,0.34,5.02e-05,0.941,113.982
Ombrim,1wKbXCeYu5KNl3Vvto4vlh,42,194492,Ombrim,7JfWFPYbtJ7WUiE1G4SQqF,Rosa Neon,1dZEJGHOEVRro2A3sCKegm,0.04,0.697,0,0.335,9,0.833,-7.336,0.154,0.000131,0.552,122.032
Calor da Rua,09cmEXqugz9e6D3ZzWiZZF,48,201360,Soltasbruxa,2xT2aqdHSY4EYfrVM8FE1m,Francisco el Hombre,317yGDHMNsNQMfjsNNPYUg,0.032,0.799,0,0.175,4,0.632,-6.473,0.302,0.51,0.593,100.545
Ziquizira,10I1ptjWUxFLrUYQ7SNtGv,35,212307,Carne de Pescoço,32JMnU7rH9mbBo6vpkr795,Heavy Baile,2E4sNJOOy9hae0J8DkT43M,0.167,0.749,1,0.375,6,0.806,-3.869,0.0633,0.000818,0.916,129.976
Conselho do Bom Senso,6YY5LE7Lu1h3PXLZuJF1Ky,40,221657,Pra Doer,0uLTUkUC8dpt0sRF2BZ9nt,Tuyo,3Ujv6sa60JRiaxS8RVuNOj,0.0371,0.63,0,0.101,11,0.543,-7.189,0.144,1.03e-06,0.648,138.066
Mexilena,2FilGwnQxX0Z9oIdblU7bD,13,204728,Conecta,48nJXujqlNXPb2de3iSrYu,duSouto,3mn4SbX1VjqOHGOPL0QEFF,0.2,0.628,0,0.0872,4,0.721,-4.672,0.0592,0.0,0.701,180.162
Sujo (A Seita),7nRAkvjxLEmBBleBNEBqmX,6,183927,Ato I,5VCqewGJJfxsFJgh0kdQlV,CAZASUJA,7mXSWrFGv2jHjuBkCOBME2,0.42,0.656,1,0.0866,4,0.384,-7.324,0.459,0.0,0.852,84.113
Bebê do Miduei,57JyyEMG3l4islUQZKS0y2,13,128375,Bebê do Miduei,1oQs3ReCswakWEBFoEByme,demonia,7pZEe5A63tsfaS6FX7QfI9,0.0376,0.357,0,0.353,4,0.442,-12.347,0.000705,0.000401,0.865,90.196
Ela Me Chamou Pra Dançar um Ragga,6zZ6gni57Y5D72ZejEwUOQ,46,164026,Tijolo por Tijolo,2gTwQq9qxwsU3mlJ9AL2dx,BRAZA,5F0iFhw7bZE7a8INjualJn,0.144,0.377,0,0.0891,5,0.74,-10.933,0.0471,0.0,0.466,179.878
Marley,2hsJhLUWR5au4BXVBNrXzO,55,312307,Dialogue de sourds,5ZrE7zHiwYphmpRQHTbRx4,Danakil,52MTyKpEJBAnWj1oVNYGTj,0.42,0.646,1,0.0701,2,0.696,-6.931,0.182,0.0,0.62,146.914
EchoSysDub,5sOx0PWrN130bsKBDYlLqY,49,241211,Danakil Meets ONDUBGROUND,5bIxChRImtMVtEdLv9pMWd,Danakil,52MTyKpEJBAnWj1oVNYGTj,0.26,0.862,0,0.1,1,0.741,-6.62,0.0353,0.000524,0.708,77.004
Les champs de roses,1mU0Y67gXQ9l7pwUixl7Md,48,232199,Dialogue de sourds,5ZrE7zHiwYphmpRQHTbRx4,Danakil,52MTyKpEJBAnWj1oVNYGTj,0.123,0.655,1,0.147,0,0.824,-6.641,0.0691,0.0,0.534,139.968
33 mars,7AwyZjev9i8qzIY3JctxfD,44,200815,Danakil Meets ONDUBGROUND,5bIxChRImtMVtEdLv9pMWd,Danakil,52MTyKpEJBAnWj1oVNYGTj,0.117,0.647,0,0.206,11,0.759,-6.971,0.126,1.71e-06,0.718,154.003
Ne touche pas,4UcG4DeCRSdWVwNogMrKnl,44,308357,Entre les lignes,1BeHdHfqzU20rpEJqlJivV,Danakil,52MTyKpEJBAnWj1oVNYGTj,0.222,0.693,1,0.0882,5,0.864,-6.85,0.141,0.0,0.62,95.946
La route des songes,0Q6rRTjoZBnNovzOR6LqTS,29,408120,Echos du temps,0ytPF0GPRvcF9fyTacI5Vc,Danakil,52MTyKpEJBAnWj1oVNYGTj,0.0712,0.792,0,0.648,7,0.848,-6.52,0.292,0.000414,0.602,146.0
Accepter?,6NYOov4YQEAKzB6BQ9zn0t,9,226706,Hymne à la vie,2HROefntYYmx9j6ZOW8582,Fundé,4h6TEqMOMB64gAy8lJBWox,0.0893,0.803,0,0.0828,8,0.709,-6.05,0.0765,1.3e-05,0.668,150.067
Le poids des mots,4xYuL3CK14Tl2e0EWJrFPQ,4,308186,Hymne à la vie,2HROefntYYmx9j6ZOW8582,Fundé,4h6TEqMOMB64gAy8lJBWox,0.0881,0.539,0,0.128,2,0.783,-5.944,0.108,2.03e-05,0.538,148.208
Hymne à la vie,6bV224VC86RNVF9lA2ITrK,3,242240,Hymne à la vie,2HROefntYYmx9j6ZOW8582,Fundé,4h6TEqMOMB64gAy8lJBWox,0.0523,0.61,1,0.129,1,0.733,-7.133,0.0275,0.00038,0.745,145.975
Evidence,3I3EgM1xK1HIPG2jI449ho,2,234146,Hymne à la vie,2HROefntYYmx9j6ZOW8582,Fundé,4h6TEqMOMB64gAy8lJBWox,0.245,0.668,0,0.0377,0,0.729,-6.358,0.0504,1.46e-05,0.515,151.238
La peur du lendemain,6E4fnF53KMeKeSgDgoZ0DX,2,482960,Hymne à la vie,2HROefntYYmx9j6ZOW8582,Fundé,4h6TEqMOMB64gAy8lJBWox,0.0476,0.223,0,0.48,5,0.624,-7.723,0.12,0.0302,0.413,110.077
Dualité dub,0gXN5AM5wiuOfDbjNnG563,2,192093,Hymne à la vie,2HROefntYYmx9j6ZOW8582,Fundé,4h6TEqMOMB64gAy8lJBWox,0.105,0.705,0,0.0613,9,0.898,-9.887,0.0274,0.846,0.384,132.09
Cigarette Daydreams,6EThJr4Dq1Y93JspecGU2F,69,208765,Melophobia,0H6DSMuGSRC25Ka7PE4O4q,Cage The Elephant,26T3LtbuGT1Fu9m0eRq5X3,0.0259,0.272,1,0.0812,2,0.637,-3.421,0.079,0.0,0.677,113.956
What You Know,1qfYG2JrchEyJiqKnkE7YQ,73,189693,Tourist History,4V1rQRHuuOWs8fXRl16OMY,Two Door Cinema Club,536BYVgOnRky0xjsPT96zl,0.0407,0.841,0,0.0921,6,0.55,-4.003,0.000665,7.74e-06,0.753,139.048
Lisztomania,7zkDEBSxkcBVsStS4qBFpK,67,241546,Wolfgang Amadeus Phoenix,2TVvPbLNPTCZS8lPHs1rZW,Phoenix,1xU878Z1QtBldR7ru9owdU,0.0377,0.305,1,0.497,0,0.635,-6.46,0.0349,0.00767,0.786,97.54
Kids,1jJci4qxiYcOHhQR247rEU,78,302840,Oracular Spectacular,6mm1Skz3JE6AXneya9Nyiv,MGMT,0SwO7SWeDHJijQ3XNS7xEE,0.0719,0.172,1,0.361,9,0.451,-3.871,0.00076,0.0049,0.931,122.961
Naive,7BHPGtpuuWWsvE7cCaMuEU,75,203506,Inside In / Inside Out,03JPFQvZRnHHysSZrSFmKY,The Kooks,1GLtl8uqKmnyCWxHmw9tL4,0.0892,0.737,0,0.149,8,0.391,-6.209,0.0759,0.0,0.808,100.304
Reptilia,57Xjny5yNzAcsxnusKmAfA,74,219753,Room On Fire,3HFbH1loOUbqCyPsLuHLLh,The Strokes,0epOFNiUfyON9EYx7Tpr6V,0.033,0.741,1,0.101,9,0.486,-5.084,0.000563,0.789,0.666,157.992
Young Folks,4dyx5SzxPPaD8xQIid5Wjj,71,276693,Writer's Block,5g4E06cxsFEMFE9hSekAt2,Peter Bjorn and John,6u11Qbko2N2hP4lTBYjX86,0.0377,0.662,1,0.105,0,0.699,-6.005,0.0164,0.000763,0.812,138.185
If You Wanna,0KNVDEeZWXZPIYKqJeRRpX,65,174013,What Did You Expect from the Vaccines?,6eWtdQm0hSlTgpkbw4LaBG,The Vaccines,0Ak6DLKHtpR6TEEnmcorKA,0.0392,0.544,1,0.295,2,0.352,-3.274,3.03e-05,2.92e-05,0.866,165.209
Somebody Told Me,3twNvmDtFQtAd5gMKedhLD,68,197280,Hot Fuss,4OHNH3sDzIxnmUADXzv2kT,The Killers,0C0XlULifJtAgn6ZNCW2eu,0.0793,0.729,0,0.0627,10,0.502,-3.96,6.78e-05,0.000702,0.972,138.019
Breezeblocks,33OdSmu4AdBViAXDbCEqK3,56,227080,An Awesome Wave (Deluxe Version),719I4grSudmVzZdmzClX6W,alt-J,3XHO7cRUPCLOr6jwp8vsx5,0.0341,0.296,1,0.172,5,0.609,-7.337,0.11,0.000986,0.642,150.087
First,0hS0m12cccQtMBe2x57tGQ,1,200360,Hold My Home,2brumHtFrAdAJgKKghuf4d,Cold War Kids,6VDdCwrBM4qQaGxoAyxyJC,0.031,0.58,1,0.57,2,0.464,-4.007,0.0202,2.63e-06,0.7,78.002
Say It Ain't So,7vhhU4SsMDV8uSQlCxf1Lk,6,258826,Weezer,5n15QbYKbO4pzAV2Iy1VVG,Weezer,3jOstUTkEu2JkjvRdBA5Gu,0.0352,0.453,1,0.07,3,0.634,-7.136,0.00737,1.82e-05,0.551,151.779
Crazy Bird,64zO6LBlzR8MxvHwPhgY05,17,238390,The Runaround,2YNlxGMr3rqOLnzMxGNFSi,Wild Child,1xLMexpeeTKQ20SwGMaGSK,0.0353,0.722,1,0.37,3,0.782,-8.35,0.261,0.000176,0.534,93.473
Amour Plastique,3bk0OXwZFr7Yv9aJPLWC2w,39,224000,Amour Plastique,2DyHxs51BTLLS5ZUWr4ApZ,Videoclub,3rp4f58JlRHkk8hpdLCer1,0.037,0.216,0,0.113,6,0.691,-14.041,0.759,0.00108,0.379,119.928
Such Small Scenes,1PBp3M4Dh1TO0D6kgL8GqA,53,138173,Lewis Del Mar,7BKGTpCWDwTCeHnlLFcfLJ,Lewis Del Mar,2oqwwcM17wrP9hBD25zKSR,0.0563,0.367,0,0.154,5,0.598,-6.652,0.107,8.22e-05,0.841,116.077
Relax,1GHjBjnMJQ420waXq6Ut6I,53,158573,Vibes,4ZY99qTgXNHHfiO4ffz5zS,Vacations,0U7iI0Dk4Ojvi17nZboNO4,0.0461,0.547,0,0.26,11,0.471,-4.483,0.0588,0.000378,0.881,169.881
Painting (Masterpiece),4kK14radw0XfwxJDPt9tnP,59,243413,Lewis Del Mar,7BKGTpCWDwTCeHnlLFcfLJ,Lewis Del Mar,2oqwwcM17wrP9hBD25zKSR,0.0695,0.711,1,0.0534,6,0.726,-5.167,0.277,4.12e-06,0.861,91.966
Fool,2yOj1pyRC3NcvQyeZ3yAcL,58,124021,Next Thing,7mTf6AXzDt1q7Iy4Vig1U5,Frankie Cosmos,0x4xCoWaOFd3WsKarzaxnW,0.0409,0.342,1,0.255,9,0.511,-10.254,0.301,7.12e-05,0.436,120.207
Pleaser,11zf7m4vw9Ze7cer9Nyhk1,69,187895,Pleaser,3XwLvPyeeyTjFKeBdtC978,Wallows,0NIPkIjTV8mB795yEIiPYL,0.0455,0.385,1,0.274,9,0.497,-4.308,0.126,1.98e-05,0.914,148.893
I Love You So,1175r6ZmkUjX8dRJLz9Ohk,71,160253,Songs for Dads,3MFTbUnA8C9T6KCBb0gpH5,The Walters,027TpXKGwdXP7iwbjUSpV8,0.0377,0.503,1,0.13,10,0.578,-4.898,0.65,0.0,0.669,75.995
New Slang,5oUV6yWdDM0R9Q2CizRhIt,22,231173,"Oh, Inverted World",34XlrJGfsDhvRDeJ8a6lie,The Shins,4LG4Bs1Gadht7TCrMytQUO,0.0306,0.649,1,0.0905,0,0.669,-11.547,0.605,0.16,0.389,130.015
Embody,2cJwArlIbdhsjBeyDQwL1w,38,109149,Next Thing,7mTf6AXzDt1q7Iy4Vig1U5,Frankie Cosmos,0x4xCoWaOFd3WsKarzaxnW,0.0338,0.858,1,0.109,9,0.556,-6.203,0.256,0.0,0.544,125.642
Chlorine,23OXdR7YuUBVWh5hSnYJau,81,324466,Trench,621cXqrTSSJi1WqDMSLmbL,Twenty One Pilots,3YQKmKGau1PzlVlkL1iodx,0.0548,0.315,0,0.345,10,0.609,-7.388,0.0735,0.06,0.674,90.009
Mi'adama,25lPu9fWNvR56IJgdfXbaj,66,268221,Mi'adama,6rLYoxAMOBuBiImTEJtzUM,Sidoka,7EyzyrMNgqiK8bMrbkOT9l,0.37,0.175,1,0.125,1,0.666,-7.096,0.259,0.0,0.659,114.986
Autobahn (Tempo),3RPfO0yMt84ebJLebXsxqR,40,164624,"Músicas para Drift, Vol. II",1DWKgyfLj31fhhO9l7TCb3,Yung Buda,34JhhuxlkDFSA5ek4AuZOp,0.0424,0.837,1,0.366,1,0.665,-4.851,0.00607,3.99e-06,0.939,139.929
07,3Ot04s80MZBhiYP2wHo0is,62,221122,Elevate,7ljNEO4kQH47SOjDEXxShP,Sidoka,7EyzyrMNgqiK8bMrbkOT9l,0.213,0.491,0,0.128,6,0.68,-4.472,0.44,0.0,0.876,127.267
Drink,4FSYU7BYod4SQgscmcTnJy,60,273178,Drink,4EfxGegl8wswKpULvvTHo2,Sidoka,7EyzyrMNgqiK8bMrbkOT9l,0.0587,0.433,0,0.11,6,0.816,-5.962,0.326,1.77e-06,0.714,115.914
Scotch,4qqT68UURRP6lPHiI9TApM,61,221500,Elevate,7ljNEO4kQH47SOjDEXxShP,Sidoka,7EyzyrMNgqiK8bMrbkOT9l,0.311,0.183,1,0.102,1,0.629,-6.548,0.531,0.0,0.667,129.954
Papelzinho,1Jy7WRnKJzANO7n7wmQBXj,42,185324,Elevate,7ljNEO4kQH47SOjDEXxShP,Sidoka,7EyzyrMNgqiK8bMrbkOT9l,0.0486,0.673,0,0.0803,10,0.775,-9.4,0.00172,0.0,0.568,158.032
Linakamiza,0CgOzYGsoNPaoI2HMnednL,51,194750,Linakamiza,1rYjxl4vwxEyHAO6OVeYIM,Sidoka,7EyzyrMNgqiK8bMrbkOT9l,0.285,0.624,0,0.159,7,0.773,-5.605,0.638,1e-06,0.775,120.004
10K,4ESkG5iVSKtUANJK0NPz1w,59,143020,10K,40cVyh6ZwE986snTjzDdh5,Raffa Moreira,4xUawweuqhjMvoScRGbveR,0.182,0.566,0,0.0915,9,0.824,-8.314,0.387,0.0,0.427,148.008
V V S,5QgvWazvh8Tt1yES87HJaK,49,142210,V V S,20q691KLhYcSTQXyuttd33,Raffa Moreira,4xUawweuqhjMvoScRGbveR,0.232,0.939,0,0.112,11,0.827,-7.507,0.106,0.0,0.663,130.03
10K É Pouco Eu Sei,7cx0n1mLdRLmqToZYwAI66,42,159921,10K É Pouco Eu Sei,1IbGtKppQlPvay2qZxuIpu,Raffa Moreira,4xUawweuqhjMvoScRGbveR,0.262,0.091,0,0.11,1,0.504,-6.921,0.043,0.0,0.723,133.853
Olho por Olho,2gZuVcKxVCwjEwu5L1B5dd,53,154032,Olho por Olho,2wgPWMOLXjF2bd7KmNF3XB,Raffa Moreira,4xUawweuqhjMvoScRGbveR,0.238,0.42,0,0.102,7,0.778,-7.616,0.0666,1.29e-06,0.64,136.935
Sozinho no Sukyia,2DtUBaNrlUcLvbD58D9otL,32,218520,Raff Raff,0IGiEBis5vSOiLGJI3HA80,Raffa Moreira,4xUawweuqhjMvoScRGbveR,0.361,0.0742,0,0.108,10,0.498,-9.568,0.251,0.0,0.472,83.687
Hacker Dresscode,0uVn68KHVvncXkZA3oYfvV,40,146000,Hacker Dresscode,36omdTaJ0vNXXHkrj4QRPa,Yung Buda,34JhhuxlkDFSA5ek4AuZOp,0.067,0.249,1,0.578,0,0.597,-6.876,0.147,0.00152,0.594,147.082
Ninja,7fa3BMxc1yIBAefCUmNESX,49,131022,Ninja,5CnH1vtcQtjueZmff3sJRb,Yung Buda,34JhhuxlkDFSA5ek4AuZOp,0.0485,0.0693,1,0.082,1,0.549,-7.471,0.00444,0.0,0.649,93.408
Anbu,3keuwds2qmiai2yfkqhccB,40,109718,Halloween o Ano Todo,2Dq7xMm7DsYoYd2hNYIH8t,Yung Buda,34JhhuxlkDFSA5ek4AuZOp,0.0498,0.273,0,0.119,11,0.738,-7.983,0.477,0.000113,0.521,139.977
Sozinho no Touge,2hbwJmGT9efes9eZBefAdj,38,136624,Halloween o Ano Todo,2Dq7xMm7DsYoYd2hNYIH8t,Yung Buda,34JhhuxlkDFSA5ek4AuZOp,0.109,0.605,0,0.0806,10,0.842,-4.641,0.4,0.000522,0.769,129.989
"Akatsuki de Vila, Pt. II",2OfErx06UikBPwhnKjnpIS,45,222724,Halloween o Ano Todo,2Dq7xMm7DsYoYd2hNYIH8t,Yung Buda,34JhhuxlkDFSA5ek4AuZOp,0.26,0.0471,0,0.087,1,0.675,-8.525,0.274,0.0,0.542,125.044
Gostosinha,4YaNNS7MLSksWxE76sVepT,44,215920,Gostosinha,3N7eWDYf12POeQH2a1jzfO,Yung Buda,34JhhuxlkDFSA5ek4AuZOp,0.11,0.173,0,0.131,7,0.775,-10.378,0.146,0.0,0.404,115.988
Yoshi Drift Charmer,4AFKpVtmjsFnsjbZdJZ55A,37,102165,Músicas para Drift,5cBI888wdPPP7SjGuWYtIA,Yung Buda,34JhhuxlkDFSA5ek4AuZOp,0.0537,0.516,1,0.176,11,0.782,-5.512,0.0126,0.0,0.646,120.056
Jesus Chorou Pt. II,4iE6MlruvpUEh2ZZhfgx9P,44,110000,Músicas para Drift,5cBI888wdPPP7SjGuWYtIA,Yung Buda,34JhhuxlkDFSA5ek4AuZOp,0.156,0.314,1,0.14,4,0.857,-7.137,0.152,0.0,0.657,109.975
Akatsuki de Vila,39B5DG3OcKOPb6yC3HSUiS,52,199000,Músicas para Drift,5cBI888wdPPP7SjGuWYtIA,Yung Buda,34JhhuxlkDFSA5ek4AuZOp,0.452,0.217,0,0.0551,0,0.531,-7.039,0.0209,0.0,0.746,104.996
Piloto,67gqD6EJDCau4xFlCfCZqB,47,214930,"Músicas para Drift, Vol. II",1DWKgyfLj31fhhO9l7TCb3,Yung Buda,34JhhuxlkDFSA5ek4AuZOp,0.0408,0.212,0,0.0947,3,0.667,-8.876,0.776,5.63e-06,0.482,133.95
Suzuki Escudo (Guitarra),6qTRrEyudq4dA6hyTW3bsu,45,186263,"Músicas para Drift, Vol. II",1DWKgyfLj31fhhO9l7TCb3,Yung Buda,34JhhuxlkDFSA5ek4AuZOp,0.0326,0.211,1,0.192,5,0.762,-5.838,0.0983,9.94e-06,0.618,126.953
Autumn Ring Mini (Sozinho no Touge),2BjbG541dRwGhaketIPEXI,49,236462,"Músicas para Drift, Vol. II",1DWKgyfLj31fhhO9l7TCb3,Yung Buda,34JhhuxlkDFSA5ek4AuZOp,0.0459,0.142,0,0.113,2,0.827,-8.121,0.0751,0.00291,0.523,124.01
Condor,7H03I0ozpKwy09kmDDuQQc,42,210161,Condor,1orUMKXoN6kidyytg0jYf9,Duzz,4oPnjkJcLqOim9KJxvIYMz,0.212,0.228,1,0.084,8,0.867,-7.413,0.33,0.0,0.654,111.045
João de Barro,5rrPjJM5oOdetw4yU7iLo5,40,245552,João de Barro,35OOCKhQBWYKs7mKl6qQH8,Duzz,4oPnjkJcLqOim9KJxvIYMz,0.0665,0.291,1,0.211,1,0.851,-4.321,0.139,6.15e-05,0.77,130.065
Cadente,1j8JFofZw0k37bJx07lStD,44,228795,Cadente,66050ycLPvWKmk8wkLdoh4,Duzz,4oPnjkJcLqOim9KJxvIYMz,0.104,0.255,1,0.132,7,0.659,-7.677,0.16,0.0,0.559,166.07
Nicole Bahls,4RJyGUzds4e11hAFJmavOY,61,236414,Nicole Bahls,5t5xqHw9wJD6yxzcv4UI6W,MC Igu,5K854sjdzabwOy9KltU3Po,0.318,0.712,1,0.283,1,0.85,-6.846,0.113,0.0,0.718,130.053
Japão,1n1qcZLkN7GjXNkrgVTgYe,61,172764,Japão,18bm5oR4RicuOlkrUkHKqx,MC Igu,5K854sjdzabwOy9KltU3Po,0.106,0.444,0,0.108,8,0.9,-14.456,0.253,0.0,0.31,129.935
Buenos Aires,5MEUlmD0aDyMuHHmeqRuTD,58,184764,Subliminar,7no9LWy3U2Bh9ITADC3qN2,MC Igu,5K854sjdzabwOy9KltU3Po,0.137,0.493,1,0.117,1,0.844,-8.44,0.228,0.0,0.537,130.027
Flack Jack,6EwmVaen6EGQeORzTvLMnR,60,241879,"Calzone Tapes, Vol. 2",1eBUfeWFVsyiApi5rdqyPR,Recayd Mob,1QBWA6tuiZ0JuDluPqbe71,0.402,0.372,1,0.111,0,0.83,-12.304,0.296,0.0,0.476,129.021
Plaqtudum,6TLHo63Z3wqHkW6adVeEwZ,69,175440,Plaqtudum,7wELyO14kBKEMrimHEOxuW,Recayd Mob,1QBWA6tuiZ0JuDluPqbe71,0.0681,0.0683,1,0.118,1,0.89,-6.367,0.271,1.06e-05,0.74,122.023
Gaara,0wVsS3KGDpc9hghnwVTJ0B,25,161967,Okane Mixtape,4y6ilVDkhgOBb1NRZb8chE,Chinv,6NTiankZRvz9miBAa9fLuS,0.147,0.831,1,0.46,7,0.631,-3.884,0.00229,0.745,0.803,146.742
Preto Rico,5ttl4eMRPuixvadA3JRNHD,62,147692,Preto Rico,4gUlJSLd1050E54VIUfZSY,Dfideliz,0oNOkdVXXFaWC9tPb7Ol10,0.0938,0.212,1,0.115,0,0.905,-14.539,0.414,0.00522,0.387,116.988
Para Sempre 21,7K8Om6JkH4Cq111e8sSbt6,35,131076,Para Sempre 21,3EBCdtVhFT5eFkl9lAgaPz,Delatorvi,0pgqFvc1hc1r35fbl1TFvu,0.0795,0.356,1,0.114,1,0.87,-10.225,0.0121,0.0,0.571,130.0
Beats by Deus,4U7V7ZMGXBMKd8xxXUC8rN,35,226781,Beats by Deus,1oZ8VZscZNHsabLOntPBGw,Yung Buda,34JhhuxlkDFSA5ek4AuZOp,0.0386,0.0399,1,0.112,6,0.545,-8.25,0.26,0.0374,0.485,127.157
Sorry Mom,1UjI89j54TCu52k3kqJbn2,59,151200,Sorry Mom,2cu8rhzNqm7ii68SdiA9Iy,Duzz,4oPnjkJcLqOim9KJxvIYMz,0.194,0.252,0,0.104,5,0.729,-9.446,0.238,0.0,0.539,140.096
Nav,4Zq5YPxtUcKTkXzVsSmAjl,68,162010,Nav,0pq0xlcKwmYXllX05JACt8,Jovem Dex,0OLpdla9YvZOtlPnQkXScl,0.0901,0.299,0,0.291,4,0.725,-6.421,0.441,0.0,0.68,119.961
Chainz On My Neck,1t6QpPt9EwFNi1SiB26vxf,44,266241,Chainz On My Neck,2XujEOorkhVifBmbXSTh5i,Dalua,7awGveT87ZP4UoZxuv0zym,0.431,0.485,0,0.111,10,0.856,-9.84,0.0423,0.0,0.281,75.508
Armstrong,3EqpXVLSUzJNPrCXIcP04l,33,211687,Armstrong,61IORKaMY2oRQ034dC6NA5,Duzz,4oPnjkJcLqOim9KJxvIYMz,0.0482,0.16,1,0.18,2,0.633,-7.652,0.08,4.47e-05,0.582,156.017
Money,1PuQBTDZ6WntifoXDrUXRg,65,139050,Money,0kyF3h3e7qehQbJEDLuhHq,Jovem Dex,0OLpdla9YvZOtlPnQkXScl,0.0328,0.528,0,0.0787,7,0.796,-6.28,0.0233,1.79e-06,0.805,103.995
Flexin,2QZqnUyEDYENcfkTPao8I5,60,168011,Flexin,7jxkLIUllmYEoYpYSYnwG3,Jovem Dex,0OLpdla9YvZOtlPnQkXScl,0.114,0.578,1,0.0913,0,0.767,-7.28,0.0909,0.0,0.756,160.027
Sério,3KCE6x8hgSmhgUIUpVDLJY,41,127190,Sério,1eP2iO5iXKt604f8NENOBY,Raffa Moreira,4xUawweuqhjMvoScRGbveR,0.327,0.133,0,0.0848,4,0.715,-8.906,0.776,0.000276,0.485,77.047
Volta por Cima,3vkhaEi4vnDcukT8WDQ0cb,42,168672,Volta por Cima,6XgBDYPlohIyyLsTXJxFWw,Raffa Moreira,4xUawweuqhjMvoScRGbveR,0.0588,0.174,0,0.0971,6,0.678,-9.74,0.0195,6.06e-05,0.596,147.898
Mob,60QmX4vWDLZCh8H8Qf109O,53,112000,Mob,6wiTbGRyxRcjM4ijiFpfuH,Jé Santiago,4xKfNBUXa00go8RU9TwwkI,0.0845,0.53,0,0.109,1,0.848,-12.844,0.834,0.0554,0.382,119.965
Mansa Musa,3ub7n3XidZWZ6dR1e80c8j,34,201052,Manual Prático,2NBfKMFBpaMJf4JhqI8I2e,Denov,2SlZVZE3TXpp604Gh8t0ZW,0.196,0.523,0,0.0596,4,0.738,-11.098,0.599,0.0072,0.539,114.012
Não Pisa no Meu Boot,0fDXd6UXam6MUuaK8lihwJ,63,164000,Não Pisa no Meu Boot,4VCwTcX9k7oSMm9GvXltME,MC Caverinha,7tojcuXcZ7eBlQjbAc65Ee,0.355,0.421,1,0.115,7,0.95,-15.73,0.306,0.0,0.303,120.015
Porsche,4L0CzdxeWUV9iKGUEFVRMg,65,206428,Porsche,0cX80fy11lENAVCbxXHGw4,Sidoka,7EyzyrMNgqiK8bMrbkOT9l,0.0657,0.414,0,0.13,6,0.905,-7.842,0.0534,0.000185,0.616,134.077
Beach Motel,2PxSd7KZncAKWmAGGMNUdu,45,224283,Elevate,7ljNEO4kQH47SOjDEXxShP,Sidoka,7EyzyrMNgqiK8bMrbkOT9l,0.217,0.534,0,0.228,5,0.717,-3.842,0.506,1.06e-06,0.754,153.941
OK,2PKOtc6GZuk9tKR45z4o05,42,206841,Elevate,7ljNEO4kQH47SOjDEXxShP,Sidoka,7EyzyrMNgqiK8bMrbkOT9l,0.41,0.475,1,0.248,2,0.806,-6.755,0.598,0.0,0.67,140.015
Ouro,3Bk7Lh3CLfWFxNeyiHouDP,47,243216,Ouro,1mFuo2fSwHQIK1hfQsviaM,BProblemx,0MfqWwyMF44RpYuKJHLpTU,0.232,0.654,0,0.195,3,0.683,-3.798,0.0908,0.0,0.869,74.738
Banquete de Rei,0JbVV4LQVqbm0tCLPz6RUk,44,170657,Banquete de Rei,40CqjfEzIRabt7dHIzofmi,Denov,2SlZVZE3TXpp604Gh8t0ZW,0.158,0.353,0,0.118,10,0.838,-12.546,0.173,0.0,0.448,146.01
Rockstar,2pkiYFWrja3oTlTwDaTypd,66,254481,Rockstar,14gbq2k3r9KpmOGsuRLFmc,Jovem Dex,0OLpdla9YvZOtlPnQkXScl,0.075,0.199,0,0.0875,4,0.687,-7.927,0.0276,0.0,0.644,141.018
Popeye,06cX5CpHPVUYnEJ2UupXXp,57,219906,Popeye,2ZyK4xPClasnWzAtQWGGrF,MC Igu,5K854sjdzabwOy9KltU3Po,0.178,0.515,0,0.0983,1,0.869,-9.774,0.635,0.0,0.427,139.978
Pretx Chave,2eDP7wfMJXI6xnsnSPJuYC,26,214285,Pretx Chave,3GeVMPDy1tLvsfYv02IL1P,Underismo,0qW7weA3ixRCMmwnJbHGx6,0.112,0.717,1,0.104,1,0.842,-9.078,0.292,4.19e-06,0.647,126.014
ÓhUhLança,3oIr6neILMnPkN8AhyHjKU,60,228923,ÓhUhLança,0dyG0LYMFY0IA3npGEWCSY,Recayd Mob,1QBWA6tuiZ0JuDluPqbe71,0.196,0.613,1,0.311,1,0.834,-2.38,0.296,0.0,0.89,130.036
Jato,5O0xu11oMRe9m2wbXdvCOn,41,281649,Jato,21REnus77Q9bic4uiGXzBt,Dogor,4zucPHMzIE3pay19ud72OG,0.257,0.545,0,0.261,4,0.766,-5.594,0.233,0.0,0.804,129.968
Olha Pro Oclin,5G3NKZf1Gqs7dQnY4Miliy,69,221490,Doka Language,2h81KHZhdqqJ2eyAJtPhsM,Sidoka,7EyzyrMNgqiK8bMrbkOT9l,0.117,0.766,0,0.198,5,0.901,-11.169,0.0367,2.25e-05,0.484,130.02
Monza Drift,6DVSzsdJnck4VYnYQFS6Av,56,246496,Monza Drift,4QoRxMPhMF9fT1WsUGcMtg,Denov,2SlZVZE3TXpp604Gh8t0ZW,0.255,0.277,0,0.172,1,0.69,-10.348,0.059,0.0,0.529,143.061
Batom Na Camisa - Ao Vivo,1UINnw1bpndMtOwxdq7j4B,0,165112,Na Praia 2 (Ao Vivo),147Lkf7N8w1a9OmauOROol,Matheus & Kauan,2Z0lRIqr997lIUiPtrpKCr,0.107,0.561,1,0.178,10,0.565,-4.706,0.353,0.0,0.735,147.852
Amante Não Tem Lar - Ao Vivo,6P8v1a8jyfwG5kc7Si1kUp,65,173426,Realidade - Ao Vivo Em Manaus,5EOY7EuE83D9oSeT9eR9ry,Marília Mendonça,1yR65psqiazQpeM79CcGh8,0.058,0.661,1,0.225,0,0.654,-4.976,0.468,0.0,0.815,135.095
Como Faz Com Ela - Ao Vivo,2Gvn46nwyQhUnQiFhlP7WX,65,150348,Marília Mendonça - Ao Vivo,0qy6yZjgoZ2cGGk9joy8E4,Marília Mendonça,1yR65psqiazQpeM79CcGh8,0.133,0.918,0,0.105,7,0.655,-3.585,0.427,0.0,0.913,171.961
Eu Sei de Cor - Ao Vivo | Acústico,45wqPwIH4A5cr2IyyD4WKf,65,174663,Agora É Que São Elas Ao Vivo (Acústico) - EP,0RojAwslfWnqV2v3xkuazf,Marília Mendonça,1yR65psqiazQpeM79CcGh8,0.0346,0.776,0,0.241,6,0.855,-5.902,0.424,0.0,0.601,124.016
De Quem É a Culpa? - Ao Vivo,4YhPcVIxIAJrLhFVPGbJkE,67,202066,Realidade - Ao Vivo Em Manaus,5EOY7EuE83D9oSeT9eR9ry,Marília Mendonça,1yR65psqiazQpeM79CcGh8,0.0339,0.257,1,0.676,7,0.604,-6.256,0.901,0.0,0.433,139.696
Deixa Ela Beijar,7q5agbUOzZnVF4Yes3AD7I,2,166410,Deixa Ela Beijar,3ZPrHZ58I5eh9jtOBsFcov,Matheus & Kauan,2Z0lRIqr997lIUiPtrpKCr,0.093,0.891,1,0.357,11,0.801,-3.929,0.116,0.0,0.648,123.027
Te Assumi Pro Brasil - Ao Vivo,2d3TbSkAscvT3QRQalq6uT,1,162734,Na Praia 2 (Ao Vivo),147Lkf7N8w1a9OmauOROol,Matheus & Kauan,2Z0lRIqr997lIUiPtrpKCr,0.0687,0.484,1,0.646,9,0.63,-4.65,0.237,0.0,0.827,125.977
Quase - Ao Vivo,1504k2wy349EtgioaW78Ht,2,182417,Resenha (Ao Vivo),33mwa78zRsgLkceH9wFGc0,Cleber & Cauan,6Y8pfJkEdw4EAST4g9C026,0.0552,0.646,1,0.19,11,0.764,-8.364,0.794,0.0,0.548,136.911
Apelido Carinhoso,6wXYGqXCLtEHx4VDb2TPcM,70,199701,"Buteco do Gusttavo Lima, Vol. 2",1Zjc8qOmbo6uPMD17992iJ,Gusttavo Lima,7MiDcPa6UiV3In7lIM71IN,0.0839,0.654,1,0.131,10,0.708,-6.283,0.12,0.0,0.82,146.038
Homem de Família - Ao Vivo,12wiyBZqQ3mOU7AfygXJCw,63,184888,50/50 - Ao Vivo (Deluxe),2FukYwjm7EF9shRu8zSet6,Gusttavo Lima,7MiDcPa6UiV3In7lIM71IN,0.05,0.813,1,0.934,4,0.703,-4.243,0.662,0.0,0.84,135.499
Dona Maria,0dGqIEsFN3KakdPCMkgjre,65,187998,Dona Maria,1uqofIktCiIpJZBitA6aur,Thiago Brava,1LGh5vyaoQP9bgTwLSMTyW,0.118,0.924,1,0.201,11,0.746,-7.485,0.846,0.0,0.447,139.994
Sorte Que Cê Beija Bem - Ao Vivo,4YV827A7aWVswtyt0eWoWM,62,151826,Ao Vivo Em Campo Grande,49Ld3XINIFTquvEMioXhBu,Maiara & Maraisa,59jlthNnbmim5l9tmNA7se,0.263,0.492,1,0.805,7,0.539,-4.087,0.153,0.0,0.882,93.165
Exclusividade - Ao Vivo,1Bq86AS6wf5a5cEB8CM6dZ,1,192410,Na Praia 2 (Ao Vivo),147Lkf7N8w1a9OmauOROol,Matheus & Kauan,2Z0lRIqr997lIUiPtrpKCr,0.217,0.483,1,0.674,9,0.68,-5.579,0.295,0.0,0.841,95.027
Ar-Condicionado No 15 - Ao Vivo,5ac0YTpOaDX9wEYYyGCglL,62,168240,In Miami Beach (Ao Vivo),508PwdK7nipXn6CL20PWkb,Wesley Safadão,1AL2GKpmRrKXkYIcASuRFa,0.089,0.663,1,0.779,7,0.623,-4.128,0.0851,3.86e-06,0.892,127.787
Medida Certa,44mr3ypWNHa0inr3heiOb2,63,186816,Medida Certa,5odHcyWv2Zcw2O9Y273EYB,Jorge & Mateus,1elUiq4X7pxej6FRlrEzjM,0.0946,0.837,1,0.111,2,0.617,-2.963,0.58,0.0,0.872,176.093
Raspão - Ao Vivo,6gquljDBW7rE6mCBzmTRxo,64,192946,De Braços Abertos (Ao Vivo),6plZQVlgm6HDExDtMcb4iC,Henrique & Diego,1D6vAeVUcgMbSx80IA3Zun,0.0509,0.648,1,0.965,7,0.598,-3.383,0.255,0.0,0.885,113.919
Uber,5tfabgtT7h8ZvmLl9ik8JU,54,167573,Voando Alto,34JSWULS5DsmJD5rd5v8vA,Xand Avião,43DRDu6nLSeIedZ7T1A616,0.0447,0.959,0,0.0813,1,0.717,-4.619,0.299,0.0,0.921,160.054
Inquilina,7MznOnzoN1aeR9DC4hXJDK,53,244106,Voando Alto,34JSWULS5DsmJD5rd5v8vA,Xand Avião,43DRDu6nLSeIedZ7T1A616,0.0326,0.84,1,0.293,2,0.378,-4.897,0.155,0.000147,0.841,164.211
Zero Boi - Ao Vivo,4bSAwyYL8h1KmwUOKnyCwE,47,183244,Ao Vivo Em Maceió,0ua7snDhitmW4xhrNODuFC,Mano Walter,35YkpX0zYwHG8vOIhObvxP,0.0787,0.774,1,0.539,7,0.486,-5.231,0.593,5.44e-06,0.947,175.89
Não Vou Parar De Beber - Ao Vivo,0xShC8aYcrMzz0onlDLC7g,29,168500,Ao Vivo Em Maceió,0ua7snDhitmW4xhrNODuFC,Mano Walter,35YkpX0zYwHG8vOIhObvxP,0.0428,0.876,0,0.307,6,0.647,-5.757,0.714,1.4e-06,0.929,86.979
A Noite Nos Espera - Ao Vivo,4svoM1oKmNPy9KCoiynvuT,42,232732,Ao Vivo Em Maceió,0ua7snDhitmW4xhrNODuFC,Mano Walter,35YkpX0zYwHG8vOIhObvxP,0.0541,0.758,1,0.791,5,0.432,-7.216,0.653,0.0,0.868,174.046
Não Deixo Não,2hgsL5UcOToRWUnNg9Jxfi,1,204573,Coisa De Louco EP,1ykIP6cD4de6wGzjRWcyLd,Mano Walter,35YkpX0zYwHG8vOIhObvxP,0.0426,0.578,1,0.138,7,0.851,-4.098,0.603,0.0,0.752,104.931
Regime Fechado - Ao Vivo,6UZJOc2HBrTp9DYfir9N8n,3,232485,Simone & Simaria (Ao Vivo),4qszY7uzcewzMAbr9HRUJN,Simone & Simaria,0MInKJqZscEeNc5K3K0mkE,0.122,0.819,0,0.331,1,0.673,-3.108,0.0613,0.0,0.877,137.937
Nessas Horas - Ao Vivo,5LVWGCl4mjGFXDIvQbOGvr,2,208930,Na Praia 2 (Ao Vivo),147Lkf7N8w1a9OmauOROol,Matheus & Kauan,2Z0lRIqr997lIUiPtrpKCr,0.0373,0.575,1,0.724,6,0.462,-5.472,0.733,0.0,0.519,108.512
Decide Aí - Na Praia / Ao Vivo,0jIitZeIQRTaZgFQf2WpGK,2,162960,Na Praia (Ao Vivo),2S8PlWQxqVfAnWXY9jrcym,Matheus & Kauan,2Z0lRIqr997lIUiPtrpKCr,0.0896,0.591,0,0.42,8,0.607,-3.664,0.0827,0.0,0.869,135.533
Contrato,12lOxvml5EBvSCzQll7xVS,62,194730,Contrato,28YC0ot3UDt6iLfjq5jIjg,Jorge & Mateus,1elUiq4X7pxej6FRlrEzjM,0.036,0.831,1,0.118,11,0.828,-6.728,0.432,0.0,0.631,127.974
Sonhei Que Tava Me Casando - Ao Vivo,6PEdCE0cepdEqbUmAiyFUN,54,162146,In Miami Beach (Ao Vivo),508PwdK7nipXn6CL20PWkb,Wesley Safadão,1AL2GKpmRrKXkYIcASuRFa,0.117,0.554,1,0.767,0,0.435,-3.489,0.293,0.0,0.916,167.948
Antídoto - Ao Vivo,2dvyNlZ8jkLq4DMzVVyXQH,0,182587,Na Praia 2 (Ao Vivo),147Lkf7N8w1a9OmauOROol,Matheus & Kauan,2Z0lRIqr997lIUiPtrpKCr,0.129,0.478,0,0.135,7,0.448,-4.699,0.581,0.0,0.794,178.422
Tô Com Moral No Céu! - Ao Vivo,0uwaiApk6k7k9POyFjTKeR,66,170459,Intensamente Hoje!,537cWg3a0Fn9zmPllBPMGh,Matheus & Kauan,2Z0lRIqr997lIUiPtrpKCr,0.119,0.731,1,0.434,11,0.343,-3.768,0.502,0.0,0.802,80.254
Largado As Traças - Acústico,74gguwbBvfBTurNJUWFOsC,67,217846,Zé Neto & Cristiano - Acústico,6uthdLP8MEYrgIVCcyAANN,Zé Neto & Cristiano,487N2T9nIPEHrlTZLL3SQs,0.041,0.669,0,0.287,3,0.799,-6.062,0.587,0.0,0.743,121.99
Propaganda - Ao Vivo,74n5d5M21JnC4WJ6gdkggK,71,141934,Terra Sem Cep (ao Vivo),7uhBra7AiFJm6Nd6YGpqGp,Jorge & Mateus,1elUiq4X7pxej6FRlrEzjM,0.0605,0.77,1,0.399,2,0.614,-4.603,0.381,0.0,0.782,167.95
Faz As Pazes Comigo,0a1N4Ds8IsvwYVBYqjI5v7,37,231533,Voando Alto,34JSWULS5DsmJD5rd5v8vA,Xand Avião,43DRDu6nLSeIedZ7T1A616,0.0344,0.449,0,0.332,11,0.501,-5.832,0.0662,0.0,0.759,125.816
Como é Que Faz,1ZYD1c1vFMdeyRdNBxJiAr,56,160651,Como é Que Faz,7m0SOv3w2R36r4Anb8r9gS,Rob Nunes,3WhKStgXqBomTpLZr6Q07a,0.0459,0.904,1,0.194,8,0.771,-3.899,0.53,0.0,0.719,125.913
Juramento do Dedinho,4Eco98ezksfnQzVNJCjg9j,63,164808,Juramento do Dedinho,2OKTFhlxZ0yvUEQsgXaCP0,Mano Walter,35YkpX0zYwHG8vOIhObvxP,0.0568,0.659,0,0.13,8,0.712,-5.487,0.463,0.0,0.548,143.912
Anti-Amor - Ao Vivo,7JdZZfozlODQ08ATf8xIZ6,70,165360,Ao Vivo em São Paulo / SP,2xTPxjRdVrHHLAUQNBSIET,Gustavo Mioto,1X6ORK7IekgmyjV6IFPszP,0.0777,0.499,1,0.381,1,0.643,-8.786,0.463,0.0,0.541,132.143
Ao Vivo E A Cores,2Ab1wPTEqulaCGoBak1gUo,62,180304,Intensamente Hoje!,537cWg3a0Fn9zmPllBPMGh,Matheus & Kauan,2Z0lRIqr997lIUiPtrpKCr,0.0352,0.42,0,0.147,5,0.668,-6.174,0.0131,0.0,0.526,135.032
Quem Foi Que Soprou - Ao Vivo | Acústico,5GiGLOHzFcYiy3qIZKr7EL,55,211456,Agora É Que São Elas 2 (Ao Vivo) - Acústico,2NLcvAUpdh2P3iIZxiEbs4,Maiara & Maraisa,59jlthNnbmim5l9tmNA7se,0.0684,0.549,1,0.115,5,0.743,-3.816,0.568,0.0,0.767,96.094
Nunca Vai Ser Eu,0e8QLYVsPpAZiA8fyimSaZ,28,171905,Nunca Vai Ser Eu,6sSpurc4jD38tRDrozsed9,Rafa Mesquita,0QYP9BtOQpmGozaNS3ajCC,0.0509,0.851,0,0.0931,5,0.514,-5.337,0.627,0.0,0.839,158.95
Forma Discreta (Deixa),1NX5mn7IAkipSla3tFV5ot,35,197733,Entre Amigos Vol.1,0p6nN1Z6Lk8RiE6ehrECGl,Ranniery Gomes,5L8tsE1yR4o0WGVjzDGluK,0.0403,0.833,1,0.267,10,0.536,-5.947,0.654,0.0,0.674,106.23
Filho do Mato,6cvFwzez8ZbEWPTs5A0vAm,67,172571,Filho do Mato,0Tut6XvdTp7sMHDNWo9G2r,Saia Rodada,0xcSCzG87AgHso0rLl4die,0.0345,0.943,1,0.337,2,0.631,-4.764,0.562,7.06e-06,0.918,159.83
12 Horas (Ao Vivo),7B826fTyDa3DkjnKpOgXFo,67,240048,12 Horas (Ao Vivo),2ook1jniY6KP7rr7xmgpcW,Dilsinho,4NUePmzDvCYqilXBFa91Hg,0.0414,0.348,1,0.101,2,0.578,-6.695,0.831,0.0,0.58,141.925
Meio Caminho Andado,3tQfzpbYIptOj4wQkvr8ln,62,151299,Meio Caminho Andado,4vQ0x2NXBGyH4oqw66hx56,Enzo Rabelo,7m4l75rnuQbI88PGYVYLkm,0.0478,0.746,1,0.104,4,0.743,-4.257,0.484,0.0,0.664,131.972
Contrário,76NzI3TmJCAvw28nB3EGk2,54,176734,EP do Esticado,2W5RTUgb6y3IrpJsf7l6JG,Jonas Esticado,22jNvLBrXGKr4CcV2tw8Ag,0.048,0.949,1,0.378,0,0.64,-6.386,0.493,0.0,0.741,160.092
Réplica - Ao Vivo,08aHHRGAWy8EYOeFXIU50k,55,181399,Intensamente Hoje!,537cWg3a0Fn9zmPllBPMGh,Matheus & Kauan,2Z0lRIqr997lIUiPtrpKCr,0.0546,0.595,1,0.74,9,0.562,-4.541,0.322,0.0,0.887,154.849
Se Repete A Cena,0uhGRKj412cdsBCyScwfD0,35,212640,Se Repete A Cena,5fkxgtQPc3IS5VYPltvZiT,Solteirões do Forró,1xFhPAHN7jJPQWitDZ3pto,0.0608,0.797,1,0.115,5,0.673,-11.701,0.572,0.0,0.697,176.059
Ausência - Ao Vivo | Acústico,37erXXnh4mlWE7mdO6EYOp,69,149995,Marília Mendonça - Perfil (Ao Vivo),6JFSCrp4FNZhVZmrDpEZi5,Marília Mendonça,1yR65psqiazQpeM79CcGh8,0.0458,0.82,0,0.135,5,0.824,-5.579,0.65,0.0,0.486,97.94
Notificação Preferida - Ao Vivo,2qkNnJvQvhLiZ63X1L3eFz,19,182340,Esquece o Mundo Lá Fora (ao Vivo),0JQ0THx5qMvbyZQldGnbHo,Zé Neto & Cristiano,487N2T9nIPEHrlTZLL3SQs,0.13,0.206,0,0.189,8,0.398,-4.734,0.778,0.0,0.838,156.008
Bebi Liguei - Ao Vivo,1T7aSWZQIorPMzRT8jTMXc,11,159779,Bebi Liguei (Ao Vivo),0qvkpW4kxJ5QraUWzyZ8hk,Marília Mendonça,1yR65psqiazQpeM79CcGh8,0.198,0.682,1,0.743,0,0.603,-4.253,0.362,0.0,0.804,153.883
Quem Me Dera,2lAyctg5FocS67eksHoyIg,66,147990,Made In Studio,0hhxRGCkTsDfYiameCrdqV,Márcia Fellipe,3OxZ4asD88P1lJJmLcXz4K,0.0574,0.896,0,0.184,6,0.815,-3.611,0.115,0.0,0.723,149.918
Solteiro Não Trai - Ao Vivo,7oEr56KG6odStlQH0nvdyr,79,187349,Solteiro Não Trai (Ao Vivo),4c3skW6UyBf6V3pTvpJKhq,Gustavo Mioto,1X6ORK7IekgmyjV6IFPszP,0.201,0.599,1,0.956,10,0.493,-3.42,0.483,0.0,0.832,157.964
Sinal De Fumaça - Ao Vivo,1SSNtvKafiLUwra6arwoC8,55,149656,Intensamente Hoje!,537cWg3a0Fn9zmPllBPMGh,Matheus & Kauan,2Z0lRIqr997lIUiPtrpKCr,0.111,0.435,1,0.871,2,0.488,-3.43,0.171,0.0,0.92,164.003
Quero Sentir de Novo - Ao Vivo,5J1S7PWSXvvPp6kL1Kr7l3,59,134453,"Saia Paradise, Ao Vivo em Aracaju - SE",5kA0wc9wWHgGxcG4dEzWaJ,Saia Rodada,0xcSCzG87AgHso0rLl4die,0.068,0.875,0,0.165,2,0.596,-3.745,0.722,0.0,0.93,160.193
Bebe e Vem Me Procurar,3tu0GkIZwwkmILoD4HemBq,73,154291,Bebe e Vem Me Procurar,6ZrJp1WEax1ZsoF5nTcYsz,Saia Rodada,0xcSCzG87AgHso0rLl4die,0.0334,0.969,0,0.299,5,0.571,-6.712,0.415,6.51e-06,0.941,169.95
Prova Que Me Ama,2YONS6iSDLTIrJzue1T43F,66,149629,Saia na Serra,4R4c9JW112f9Jp60frvZCN,Saia Rodada,0xcSCzG87AgHso0rLl4die,0.0666,0.961,1,0.218,0,0.825,-2.752,0.486,0.0,0.813,154.032
Sentimentos De Vaqueiro (Eu Acho Que Não),0Xmc8i1MocTXQXGCT0R0fB,69,161211,Revigora,4RU1chnQhjymYv1Z0hiroR,Saia Rodada,0xcSCzG87AgHso0rLl4die,0.0404,0.928,1,0.172,0,0.719,-2.008,0.674,0.0,0.917,159.945
Sábado À Noite,3k6BZXLxGCnAeSgZUBZ4hs,60,198953,Sábado À Noite,2dFmG1asSE2hsRyD0fWIWA,Xand Avião,43DRDu6nLSeIedZ7T1A616,0.0605,0.761,1,0.108,10,0.457,-9.746,0.582,1.85e-06,0.662,161.849
Péssimo Negócio (Ao Vivo),3FOOdP48VrHCAviC34L84Q,75,201377,Péssimo Negócio (Ao Vivo),4TOP36yLK2u24nUVsjj0CQ,Dilsinho,4NUePmzDvCYqilXBFa91Hg,0.0336,0.544,1,0.948,10,0.538,-5.805,0.801,0.0,0.651,148.03
Pindaíba - Ao Vivo,79gW1gcXAmju1hbjNiQyd2,36,201266,Em Casa (Ao Vivo),08jsdsgKcFOMUtrgE8Scv1,Luan Estilizado,1tGLEVy901arulIovZtdLc,0.0371,0.582,1,0.437,0,0.694,-7.528,0.0816,0.0,0.602,123.89
Tijolão - Ao Vivo,6QwFUcPc5nhsqZuhXUYtV7,84,175219,Tijolão (ao Vivo),5DE5SfB2vmYatVH6tpAb49,Jorge & Mateus,1elUiq4X7pxej6FRlrEzjM,0.198,0.691,0,0.343,4,0.637,-3.68,0.469,0.0,0.877,118.889
Lençol Dobrado,5pRGXCDY0eT6R1QicAn7Uk,82,179164,Espelho no Teto,3Q8PieCLGn2FxR6pTh2vsu,João Gustavo e Murilo,6xerOqBLmelL3xZNZkVbGl,0.0382,0.674,1,0.331,2,0.707,-5.042,0.361,0.0,0.664,124.991
Infarto,0XEJ7eph2IWFYZc73Jm3n2,73,161403,Querosene e o Violão,6gbvsAZViRa9rIq0GjfQbp,Diego & Victor Hugo,3k68C6mNMJL6OaAdWeW2ZF,0.0347,0.602,1,0.173,10,0.613,-4.518,0.277,0.0,0.794,124.743
Só Pra Castigar,2X8sssaxS5GReg6945B6RW,70,163850,Ws Mais uma Vez,4jIBQoLUex0mkGHpPLhPu8,Wesley Safadão,1AL2GKpmRrKXkYIcASuRFa,0.0386,0.648,1,0.578,0,0.681,-1.77,0.0201,0.0,0.94,124.015
Casal Raiz - Ao Vivo,6QMPzYhqjhoK5v4Vx1PWzQ,66,210432,Casal Raiz (Ao Vivo),7AQYyopQ9ztjTROe9c2QQG,Xand Avião,43DRDu6nLSeIedZ7T1A616,0.0497,0.761,1,0.3,0,0.8,-2.125,0.346,0.0,0.771,115.965
Vem Me Amar,0UavwCicOnQwMuh67yaxM3,74,155717,Vem Me Amar,2NWNzo6YT0Z5FXQaFhTRuB,Jonas Esticado,22jNvLBrXGKr4CcV2tw8Ag,0.0393,0.958,0,0.231,1,0.612,-3.786,0.349,0.0,0.934,166.96
O Mundo É Nosso,3jfH0Mz8XEsX1ZTOGejeCY,58,223892,Heresia,4cbDIpDFIvBBIK28iEObur,Djonga,204IwDdaHE4ymGk9Kya2pY,0.414,0.694,0,0.303,4,0.83,-5.91,0.224,0.0,0.708,88.116
Favela Vive 2,1bjb1rHvoJOFAOGpjuvfhE,53,422857,Favela Vive 2,7gZxkYijJdfo0AdoKwVxgW,ADL,6Ywb1no2hXLazjIs4LUiQD,0.12,0.674,0,0.179,10,0.713,-4.073,0.0545,8.17e-06,0.567,104.684
Castelos & Ruínas,2zibFv0sgeDjDcHVQptIeS,0,249490,Castelos & Ruínas,5ldKA0EgQsE2SFcWFApT1H,BK,1YOVBTvznjiDvtAj4ExHeo,0.124,0.359,1,0.405,2,0.799,-8.172,0.102,1.19e-06,0.588,117.008
999,2LZe5y7I16fCt5NPlNv99O,51,218446,999,7MzPTz8e5mTVBgjPoLRHBG,Baco Exu do Blues,78nr1pVnDR7qZH6QbVMYZf,0.241,0.221,0,0.11,1,0.764,-8.297,0.0847,1.35e-06,0.782,100.053
Está Consumado - Live,3p2y6LgePlB9VkAx1GDHPH,21,268418,Está Consumado (Live),27wJmNRpG92J1CXIpQuz6f,Diomedes Chinaski,6DDTbUgrNrVcAJFVrOjmVK,0.0282,0.254,1,0.143,5,0.482,-9.15,0.837,1.25e-06,0.405,109.768
Escama,0PFRmdAqK4jnlmYGdd1FHm,35,273729,Escama,0pQknqHmaAB9ZD55PvEZx3,Luiz Lins,0hWRVPGWjaXcEvg8l65Tx0,0.24,0.599,0,0.358,1,0.714,-4.227,0.241,0.0,0.882,99.966
De Freestyle,5ahvqNs3jpis9dq17w4U5l,37,229999,De Freestyle,6EcVmgEPhYtWH39C0EgBz6,Knust,7Ceg1mJmu4lAzuhQU9hQFJ,0.174,0.835,1,0.23,7,0.794,-6.66,0.324,0.0,0.799,96.011
Poetas no Topo 2,1BwQFjJU40YswcGJtF5PEe,0,551103,Poetas no Topo 2,5RGgeRGOUWiUHNfYs0CerC,Slim,0xptHOsyZsntdgvJyhhnNE,0.339,0.669,1,0.195,9,0.495,-7.204,0.412,0.0,0.716,81.55
Joven Santi Season,5sUAR2SNupQglDnm0dx2dr,24,126316,Joven Santi Season,3h4ohw3REGQbwLiibpSHbA,Pineapple StormTv,09U6hmCerKcIJrixubiBjm,0.0773,0.45,1,0.11,1,0.754,-6.641,0.455,0.0,0.681,109.74
Poetas no Topo 1,0buQLT5lhSRs7wtunIeK8v,55,398478,Poetas no Topo 1,2TXsGcsDKimJKtcJ01Yy4y,Makalister,1RoerHIsbQo1h0V8KpznKV,0.273,0.671,1,0.388,8,0.748,-9.6,0.353,0.0,0.75,91.997
Poetas no Topo 3.2: Enredo,4Z4W9NZzZ8FPDiNbYFgQTe,51,738666,Poetas no Topo 3.2: Enredo,3cjw7O6lOEQ0CuMWJ1QzK6,Raillow,0sidBbuq2OCR7mtHiSIfCN,0.409,0.514,1,0.0966,2,0.638,-9.166,0.112,0.0,0.715,125.718
A Pior Música do Ano,4jT1MGqV0EHR9AGis0L4CG,52,219103,A Pior Música do Ano,2Ff61nFXs7yOOhHMHJFEVV,Froid,45Yz90pqjzEdJzpEQg1eII,0.429,0.808,1,0.111,2,0.818,-9.466,0.11,0.0,0.494,79.045
Inabaláveis,40HindCHMfvQ7BqxvSJW2M,46,310424,Inabaláveis,6Rn4f4u0NFLDmmPWYdmYuS,Choice,4kqedTxyE5EDJWLLplYXpu,0.155,0.0964,1,0.0559,10,0.778,-10.293,0.0579,8.4e-05,0.473,130.051
Game Over,6vZve59gOIgXakGUaa1RMp,6,368314,Game Over,6e6Fjqe4PPI2qMBMgoZ5of,Veagadoiz,46X9rTpHawpQTsVuCxiQQt,0.292,0.774,1,0.0782,6,0.765,-5.09,0.397,0.0,0.841,81.987
Primeira Diss,6DN7SHNbejC3Yotduq2Aeg,0,306642,Primeira Diss,4vJMcJSglJHtL8yRy3hPf2,Rashid,5WgRuO0mhM36NFoapzpWBH,0.783,0.409,0,0.111,8,0.683,-7.551,0.453,0.0,0.81,164.574
Super Hip Hop,2S3fEXt8CZQtEEyURyqYGH,45,158181,Super Hip Hop,3dUOF1l54JAMSLiD79P94s,Choice,4kqedTxyE5EDJWLLplYXpu,0.643,0.316,0,0.0858,9,0.559,-8.311,0.549,0.0,0.708,82.143
Favela Vive,3rZ3zQjk31vM5Gq0V6PmZm,52,349748,Favela Vive,4j8azQt0ob36I1eukDxTTX,ADL,6Ywb1no2hXLazjIs4LUiQD,0.419,0.467,1,0.105,1,0.765,-11.903,0.666,0.0,0.471,77.995
Esquimó,2B38g35mQailIIHsJASLWM,54,256810,Heresia,4cbDIpDFIvBBIK28iEObur,Djonga,204IwDdaHE4ymGk9Kya2pY,0.246,0.148,0,0.113,10,0.715,-4.103,0.13,0.0,0.495,80.135
Sulicídio,0yr8zVpfeaoXSCMEZWxeO5,48,281075,Sulicídio,1naa8HW3zln4Olz3Zn6TLT,Baco Exu do Blues,78nr1pVnDR7qZH6QbVMYZf,0.28,0.677,0,0.633,10,0.738,-7.763,0.269,0.0,0.779,119.993
Déjà-vu,47dHULoeSxOHhZ3oyu2smu,33,209261,Déjà-vu,3IrZu2zic3rR1OQkmDjkhN,Froid,45Yz90pqjzEdJzpEQg1eII,0.433,0.666,0,0.121,3,0.843,-7.359,0.389,0.0,0.599,139.948
Olhares,4kAdEd8QyzX8lUDF336q4v,63,237065,Olhares,4OifeTae6oAcj9oGN8uvZL,Cynthia Luz,0QHGCPmM4UgeNvrNPntSlu,0.0954,0.567,0,0.087,5,0.632,-3.871,0.308,0.0,0.781,92.035
"Você Vai Entender (feat. Pablo Martins, Morgado, NaBrisa & Baviera)",3IfJVGTOfqoecb0bCm0CO8,22,290046,"Você Vai Entender (feat. Pablo Martins, Morgado, NaBrisa & Baviera)",2XA91PT8p24TJh28tF8tP5,1Kilo,6E2st8OqIaS7PU5gj95FSE,0.128,0.297,1,0.0868,11,0.596,-6.049,0.233,0.0,0.745,68.842
Um Bom Lugar,7sQPek0zBGZUTK4Eh2opvH,58,305386,Rap É Compromisso (Edição Comemorativa),7f7tJ66hE6aghmPubHTqVk,Sabotage,5deK5HnwbEKvge2svL0i0B,0.247,0.664,1,0.308,7,0.89,-7.862,0.0853,0.0,0.485,85.801
Flow de Lázaro,4FZivBcvTtmF5P9zK6gPkP,48,157846,Flow de Lázaro,34V0qBMr47E1rduknnKQfW,Froid,45Yz90pqjzEdJzpEQg1eII,0.422,0.77,1,0.271,9,0.785,-2.239,0.774,0.0,0.758,130.031
Relicário,5AsB27TnORzXZHAmeolmzk,51,191933,Relicário,1X1CJkDQCjZNgsKme2YMSq,Menestrel,4eQ4RMjplRznwHA1UBNnXT,0.11,0.485,1,0.328,7,0.77,-7.275,0.593,0.000175,0.675,85.977
4 da manhã,5xVJU6DJHnmHnbbKS56yCC,69,216428,4 da manhã,4pbbrNIhUdWxLYmd46lhVl,UM44K,3zhKxZr516VdNDa8v3oft2,0.0387,0.857,0,0.112,2,0.794,-6.993,0.66,0.0,0.474,111.971
#Tamotransandodefato,3QGuKwzZYI0p155rZz6Yu9,49,273791,#Tamotransandodefato,75alvivRRqN9DMkHCHdYLF,Lívia Cruz,3BsGMZHoIcDTLtElPgYf0t,0.245,0.753,1,0.0655,1,0.757,-4.112,0.0253,0.0,0.778,90.937
Ordem na Classe,1jqojF3ClFjONpB3BmHQAS,30,183151,Ordem na Classe,1NPtcbXcROfjxbZtE2LKV5,Lívia Cruz,3BsGMZHoIcDTLtElPgYf0t,0.113,0.323,0,0.101,4,0.922,-5.099,0.128,0.0,0.653,119.03
Eu Tava Lá,24W2S9Z9O1jHheOjIIqf6y,22,295408,Eu Tava Lá,1pvW3znR2fUd7FqNpxUpXd,Lívia Cruz,3BsGMZHoIcDTLtElPgYf0t,0.25,0.622,0,0.368,5,0.694,-5.063,0.159,0.0,0.775,79.685
O Tempo Passou,34iuyVl4IM6t0tkXlfQgBt,37,252160,"O Que Separa os Homens dos Meninos, Vol. 1",5RzvGNpsnvfFXPLjQKlMgO,Sant,7IlBcKrGUBJ0NKdnbDde89,0.269,0.71,0,0.12,5,0.786,-5.549,0.211,0.0,0.7,95.003
Diáspora,5pQLWAxfDcnR23YxDKVaBP,45,315933,Diáspora,3vPqZcU6mbhcpqBHr3INSJ,DV Tribo,4cePVnCFqOt3chPXh4qAMr,0.353,0.622,1,0.385,8,0.698,-4.513,0.457,0.0,0.856,171.955
Presidentes Mortos,5ZpCU4276EIpUPNEegFLH1,36,227421,Presidentes Mortos,47FTw1F8oN6KC018UAA4nP,Pineapple StormTv,09U6hmCerKcIJrixubiBjm,0.303,0.274,0,0.081,6,0.807,-11.976,0.149,0.00151,0.501,126.863
God's Plan,6T8cJz5lAqGer9GUHGyelE,19,198960,Scary Hours,2YDNDwQvsU0njt7Kq0xNRY,Drake,3TVXtAsR1Inumwj472S9r4,0.107,0.318,1,0.514,7,0.755,-9.587,0.0283,3.28e-05,0.448,77.179
HUMBLE.,7ujx3NYtwO2LkmKGz59mXp,15,177000,DAMN.,7wbJhbCvhPfbK1CLAkpq25,Kendrick Lamar,2YZyLoL8N0Wb9xBt1NhZWg,0.0903,0.423,0,0.0975,1,0.906,-6.779,0.000243,3.23e-05,0.625,150.018
rockstar,2U7Hu2RaNQNRi7izoJyZaX,11,218320,rockstar (feat. 21 Savage),2LomtUxwdbgjZ6Hk9u2Laa,Post Malone,246dkjvS1zLTtiykXe5h60,0.066,0.12,0,0.143,5,0.578,-6.636,0.117,8.97e-05,0.532,159.784
Congratulations,6syOdAs4IK8kPWR7gDyjRw,19,220293,Stoney,7J0uECwRkAFLiZljgYFq1w,Post Malone,246dkjvS1zLTtiykXe5h60,0.0357,0.466,1,0.317,6,0.629,-4.261,0.199,0.0,0.817,123.087
Go Flex,2hCKzqwjRjhycKeZJvbloJ,18,179613,Stoney,7J0uECwRkAFLiZljgYFq1w,Post Malone,246dkjvS1zLTtiykXe5h60,0.124,0.117,1,0.0769,5,0.663,-8.198,0.227,0.0,0.489,81.959
White Iverson,1Bi5t0q9j3nYXIZuZgSGvr,9,256533,Stoney,7J0uECwRkAFLiZljgYFq1w,Post Malone,246dkjvS1zLTtiykXe5h60,0.0355,0.329,1,0.0776,7,0.677,-7.671,0.221,0.0,0.577,130.05
Black Panther,3vKU0GTHo5nl3kTCYAiqc3,2,130613,Black Panther The Album Music From And Inspired By,5f8pMn2A5d5lKMDapYbCmp,Kendrick Lamar,2YZyLoL8N0Wb9xBt1NhZWg,0.355,0.48,1,0.264,1,0.612,-9.355,0.62,3.85e-06,0.588,90.251
Meu Mundo,12hqpRynT8G2Hwm9QzPFkd,60,284117,Meu Mundo,0bHwuzSVUWOloqSohIS69F,WC no Beat,2QjS2N6sORI7H4qbf6xitS,0.193,0.478,0,0.135,0,0.871,-6.544,0.278,0.0,0.57,131.042
O Rap É Preto,5TR0x7TrZPTLEgl61ibAoc,0,199418,"É Ritmo, Mas Também É Poesia",1ooR8GjgZThURYKgWjzPmI,Mortão VMG,1Ijcsm5HVSUeUu14C5mzKy,0.273,0.833,0,0.112,2,0.839,-5.738,0.207,0.0,0.782,94.043
Olho de Tigre,2GKpQ6rstJxrJTOHOTrBq8,61,238080,Olho de Tigre,6zWDuyJyUDvT8vVJWNzUzT,Djonga,204IwDdaHE4ymGk9Kya2pY,0.39,0.493,0,0.0459,8,0.78,-5.456,0.334,0.0,0.721,125.003
Poesia Acústica #4: Todo Mundo Odeia Acústico,4nwQ1SG9CsAl4XoKuScF0r,66,505482,Poesia Acústica #4: Todo Mundo Odeia Acústico,1ryuuX89YP2pLjQw6npG1n,Pineapple StormTv,09U6hmCerKcIJrixubiBjm,0.275,0.694,0,0.121,0,0.707,-9.639,0.199,0.0,0.622,131.988
JUNHO DE 94,0kTzuVnjYBag7rcK3s8tEm,63,329008,O MENINO QUE QUERIA SER DEUS,4mgTW0NU3fjNBxHdKOJoRr,Djonga,204IwDdaHE4ymGk9Kya2pY,0.43,0.349,1,0.616,8,0.557,-4.057,0.254,0.0,0.736,81.911
ATÍPICO,4sp1RJpp3OZylCAn0bMPzE,55,199952,O MENINO QUE QUERIA SER DEUS,4mgTW0NU3fjNBxHdKOJoRr,Djonga,204IwDdaHE4ymGk9Kya2pY,0.345,0.389,0,0.143,4,0.874,-4.636,0.237,0.0,0.652,131.008
UFA,5y39oiBXDlQThL05yvS9M6,61,351978,O MENINO QUE QUERIA SER DEUS,4mgTW0NU3fjNBxHdKOJoRr,Djonga,204IwDdaHE4ymGk9Kya2pY,0.195,0.34,1,0.202,8,0.93,-5.878,0.0433,0.0,0.572,111.977
1010,5sH06X58HXiLVpuYNfWC7E,56,237789,O MENINO QUE QUERIA SER DEUS,4mgTW0NU3fjNBxHdKOJoRr,Djonga,204IwDdaHE4ymGk9Kya2pY,0.498,0.509,0,0.0898,6,0.681,-5.392,0.456,0.0,0.825,129.651
SOLTO,0pmHuWQ6n8zYdAjcG85zKA,59,219178,O MENINO QUE QUERIA SER DEUS,4mgTW0NU3fjNBxHdKOJoRr,Djonga,204IwDdaHE4ymGk9Kya2pY,0.368,0.922,0,0.124,6,0.688,-3.565,0.225,0.0,0.732,172.03
CANÇÃO PRO MEU FILHO,1v78qFWQNxKC9SfjgH0SWb,51,212170,O MENINO QUE QUERIA SER DEUS,4mgTW0NU3fjNBxHdKOJoRr,Djonga,204IwDdaHE4ymGk9Kya2pY,0.301,0.643,1,0.176,1,0.777,-4.281,0.284,0.0,0.707,89.002
Or Nah - Remix,7t2bFihaDvhIrd2gn2CWJO,79,242983,Or Nah (Remix),3SHx7bBQFI4J8QRr6D5cOK,Ty Dolla $ign,7c0XG5cIJTrrAgEC3ULPiq,0.1,0.211,0,0.105,1,0.805,-8.712,0.22,0.0,0.33,121.97
In My Feelings,0bAkKNCQfWkexHFn7fIKns,19,217933,Scorpion,2o9McLtDM7mbODV7yZF2mc,Drake,3TVXtAsR1Inumwj472S9r4,0.139,0.315,1,0.448,8,0.735,-9.445,0.00623,0.0144,0.482,181.995
Netflix,2ccf1HvvHM9mFErSwBlLlu,45,134890,Netflix,1fo6v7v7BwAe8i24snmyLU,Jé Santiago,4xKfNBUXa00go8RU9TwwkI,0.312,0.527,0,0.0869,10,0.917,-11.631,0.235,4.37e-06,0.369,102.977
Poesia Acústica #5: Teu Popô - Remix,0b369xoVhUFJOH56pYq4KB,65,737704,Poesia Acústica #5: Teu Popô (Remix),7FygEx9vxwMyhTmskLefZK,Pineapple StormTv,09U6hmCerKcIJrixubiBjm,0.361,0.443,0,0.113,11,0.64,-13.413,0.096,0.0,0.392,121.88
O Céu É o Limite,1iDARoNb186UAnHvZ6w0gv,47,341684,O Céu É o Limite,1hY230xXMYPnMDAWLASSV2,Devasto Prod,0HXL3i1AV3ZRb3BhuzSvOc,0.465,0.739,0,0.0642,5,0.647,-8.216,0.135,0.0,0.739,94.874
Boca de Lobo,4DzSv3ePKvQpVTsWqTeUVN,55,227046,Boca de Lobo,69dHg7HY833p8ftUOxlb6n,Criolo,37ZflmHTdxkSLQuT8w9NBs,0.215,0.863,1,0.379,6,0.703,-7.428,0.222,0.000356,0.803,80.965
Correria,5Mx306QMUuaYJaF2lQvZil,41,151825,Correria,4jra3GAfTRANO8jJJ2g7LP,BK,1YOVBTvznjiDvtAj4ExHeo,0.389,0.358,1,0.138,2,0.691,-7.293,0.22,1.38e-05,0.645,130.994
"Brasil de Quem?, Pt. 2",3ztDKUVHmzvNQgy3SWGdxw,39,250434,"Brasil de Quem?, Pt. 2",7mdX6Jq894mlRM5rxTWci2,Sid,05BrFNfdik79RdmOG1Ux1Q,0.429,0.862,1,0.164,1,0.623,-6.82,0.474,0.0,0.656,106.664
Jesus Chorou,5wZUvwWGKaZ6NG8yckZcTM,63,471253,"Nada Como um Dia Após o Outro Dia, Vol. 1 & 2",4HcPzKyKVtcZCwJgesoZWn,Racionais MC's,29CQLw9uLWsl8Qkz9holfr,0.355,0.75,0,0.355,11,0.796,-5.448,0.155,2.47e-05,0.824,167.926
A Música da Mãe,4Pza9W6oiObhRtx7vETw6u,58,218250,A Música da Mãe,0POKmEvgfxV1DZfwCzI8Ls,Djonga,204IwDdaHE4ymGk9Kya2pY,0.328,0.516,0,0.178,11,0.876,-8.892,0.247,0.0,0.476,127.958
G.O.M.D.,16qYlQ6koFxYVbiJbGHblz,76,301133,2014 Forest Hills Drive,7viNUmZZ8ztn2UB4XB3jIL,J. Cole,6l3HvQ5sa6mXTsMTB19rO5,0.267,0.304,0,0.283,4,0.889,-10.821,0.331,8.67e-06,0.393,128.065
"Brasil Colônia (feat. Fábio Brazza, Sant, Sid & GOG)",19f7uNKSaMSCILjTE2xIbC,49,400566,"Brasil Colônia (feat. Fábio Brazza, Sant, Sid & GOG)",7AVyiV8qAwPafktJayWJXC,Oriente,0IVBT8qQNwvHLzOJL6kGpE,0.489,0.573,0,0.313,11,0.601,-10.124,0.399,0.0,0.566,91.815
Favela Vive 3,3cvKOM4MNrGaXmeTw3XdNN,60,499570,Favela Vive 3,3OTFs53P4bc4NQzeaxOmSc,ADL,6Ywb1no2hXLazjIs4LUiQD,0.433,0.598,0,0.11,11,0.704,-9.012,0.341,0.0,0.567,82.69
Lei Rua Neles,1PjAhWRA0MWniZIzGddfHo,41,480000,Lei Rua Neles,3z5UFeiVsaEGKtzxabDubs,Pineapple StormTv,09U6hmCerKcIJrixubiBjm,0.108,0.363,1,0.112,10,0.769,-10.371,0.177,0.0,0.518,119.994
Poetas no Topo 2,5ePNo6uzHyOiZ5lq1L5WVs,61,523467,Poetas no Topo 2,4Qnc9kgBCgCD4BAOlf8GHb,Pineapple StormTv,09U6hmCerKcIJrixubiBjm,0.335,0.547,1,0.301,9,0.5,-10.241,0.313,0.0,0.548,82.576
Sk8 do Matheus,1UDKZEuqAAh7ehcyKrjmv3,52,259757,O Pior Disco do Ano,65ddZj6nMC8ypPvzoTxVli,Froid,45Yz90pqjzEdJzpEQg1eII,0.124,0.132,1,0.11,0,0.701,-4.557,0.0222,0.0,0.565,83.884
Marceline,2nuvlNPyLlpnuda97jSu1g,7,320249,Marceline,3ScaD6e5xtXapozlf36tiR,Marti,2EuLOpdg7wAvisMSaJgYZi,0.0834,0.0963,0,0.125,2,0.65,-8.016,0.408,0.0,0.646,114.901
Frank & Tikão,5s8lyUvJYLx4DoXOC3sqgg,44,228995,S. C. A.,4dRdOCgiNFqsjaNBoFGAIY,FBC,29QKtXMaVczUBDiI3aPBWS,0.164,0.63,0,0.179,11,0.683,-8.706,0.147,0.0,0.508,140.045
Yeah,71oJpoQ3GA38XXqIk3AiKI,49,237638,Yeah,1EkiUfMF81ugan4ezcCCqx,Djonga,204IwDdaHE4ymGk9Kya2pY,0.348,0.609,1,0.446,1,0.788,-9.163,0.474,0.0,0.558,139.929
Me Desculpa Jay Z,2BF6mQdYAkLmeRQmX7YyPy,70,212436,Bluesman,0QMVSKhzT4u2DEd8qdlz4I,Baco Exu do Blues,78nr1pVnDR7qZH6QbVMYZf,0.685,0.179,1,0.1,0,0.375,-7.51,0.0817,0.0,0.716,71.18
Luto,4CAq2hAI92GGgaS11vx8ZO,9,215311,Luto,6TgputFrSZunLfHjqhDkEa,A Banca Records,0Do6bAo2kcVLp7ekzypskJ,0.52,0.298,1,0.222,6,0.83,-9.951,0.23,0.0,0.57,106.949
Climax (feat. 6lack),4N9QsmvQJcGwJHAmDmBttU,68,189093,On The Rvn,6VCDStheOuhrQaoYbHP2iO,Young Thug,50co4Is1HCEo8bhOyUWKpn,0.231,0.369,0,0.135,0,0.829,-11.546,0.0608,0.0,0.362,122.912
goosebumps,6gBFPUFcJLzWGx4lenP6h2,88,243836,Birds In The Trap Sing McKnight,42WVQWuf1teDysXiOupIZt,Travis Scott,0Y5tJX1MQlPlqiwlOH1tJY,0.0484,0.43,1,0.149,7,0.841,-3.37,0.0847,0.0,0.728,130.049
Smile Back,2ZGBhrxA4ghKqoOMBdn966,62,162008,Blue Slide Park,6VhDYmsjHqRxKXd0z7hmXI,Mac Miller,4LLpKhyESsyAXpc4laK94U,0.159,0.228,1,0.363,2,0.533,-6.551,0.000288,0.0,0.835,151.289
Atleta do Ano - Remix,7vKSjbG6w7PXuhaci99wtV,50,390545,Atleta do Ano (Remix),1IBpJE9t5ncoTUiQKzHFOv,MOB79,6R7b5yPFbVDe7BweLZY3BM,0.0985,0.315,1,0.128,11,0.825,-9.42,0.0851,0.000359,0.443,109.993
"Eminência Parda (feat. Dona Onete, Jé Santiago & Papillon)",746qyPtzUs4gGEKkuwwSlk,54,244946,"Eminência Parda (feat. Dona Onete, Jé Santiago & Papillon)",7xF5wQBcDd8zrZYrs1bVla,Emicida,2d9LRvQJnAXRijqIJDDs2K,0.121,0.291,0,0.11,10,0.801,-5.188,0.292,0.0,0.802,120.015
