album,album_id,artist,artist_id,duration_ms,id,name,popularity,acousticness,danceability,energy,instrumentalness,key,liveness,loudness,mode,speechiness,tempo,valence
1989,5fy0X0JmZRZnVa2UEicIOl,Taylor Swift,06HL4z0CvFAxyc27GXpf02,231826,2ls70nUDfjzm1lSRDuKxmw,Blank Space,66,0.0794,0.75,0.687,0.0,5,0.0732,-5.44,1,0.0704,96.031,0.597
1989,5fy0X0JmZRZnVa2UEicIOl,Taylor Swift,06HL4z0CvFAxyc27GXpf02,231000,71PmZqBXH0RUETqxpwlV0w,Style,55,0.00246,0.592,0.799,0.000933,2,0.112,-5.473,1,0.0397,94.992,0.516
1989,5fy0X0JmZRZnVa2UEicIOl,Taylor Swift,06HL4z0CvFAxyc27GXpf02,235800,7EpVQjqtKygiwJIASxMWNg,Out Of The Woods,50,0.001,0.557,0.831,1.53e-05,7,0.334,-6.855,1,0.039,92.008,0.34
1989,5fy0X0JmZRZnVa2UEicIOl,Taylor Swift,06HL4z0CvFAxyc27GXpf02,193293,4NNolUeL5m2ju7kf8pdg6H,All You Had To Do Was Stay,60,0.00164,0.603,0.733,2.99e-05,5,0.11,-5.692,1,0.035,97.031,0.514
1989,5fy0X0JmZRZnVa2UEicIOl,Taylor Swift,06HL4z0CvFAxyc27GXpf02,219200,1kKlhuQE0HXp1IwBRpaH2P,Shake It Off,53,0.0543,0.644,0.789,0.0,7,0.184,-5.351,1,0.172,160.041,0.932
1989,5fy0X0JmZRZnVa2UEicIOl,Taylor Swift,06HL4z0CvFAxyc27GXpf02,207440,5RVJ6VKfwtosA5Q1qeHdjF,I Wish You Would,46,0.0173,0.653,0.903,8.16e-05,0,0.108,-5.914,1,0.0524,118.026,0.473
1989,5fy0X0JmZRZnVa2UEicIOl,Taylor Swift,06HL4z0CvFAxyc27GXpf02,211933,0TvQLMecTE8utzoNmvXRbK,Bad Blood,71,0.0978,0.65,0.796,1.08e-05,7,0.172,-6.078,1,0.177,170.141,0.295
1989,5fy0X0JmZRZnVa2UEicIOl,Taylor Swift,06HL4z0CvFAxyc27GXpf02,220440,3fVnlF4pGqWI9flVENcT28,Wildest Dreams,73,0.0704,0.559,0.689,0.00304,8,0.102,-7.344,1,0.0811,140.035,0.468
1989,5fy0X0JmZRZnVa2UEicIOl,Taylor Swift,06HL4z0CvFAxyc27GXpf02,247533,5Z9ocF6ng0m2haHnKtHwTp,How You Get The Girl,47,0.00434,0.76,0.661,0.00711,5,0.0796,-6.094,1,0.051,119.987,0.522
1989,5fy0X0JmZRZnVa2UEicIOl,Taylor Swift,06HL4z0CvFAxyc27GXpf02,250093,7lTxQZVXlvIX7Z3szSy8Sh,This Love,46,0.659,0.476,0.449,0.0,4,0.0846,-8.776,1,0.0351,143.919,0.0856
1989,5fy0X0JmZRZnVa2UEicIOl,Taylor Swift,06HL4z0CvFAxyc27GXpf02,195706,6Ck9WerfsyvC4v4AylUoDp,I Know Places,54,0.247,0.64,0.767,0.0,0,0.168,-4.936,1,0.0463,79.999,0.529
1989,5fy0X0JmZRZnVa2UEicIOl,Taylor Swift,06HL4z0CvFAxyc27GXpf02,271000,2k43eySbfpDVx0PrO99UI8,Clean,47,0.25,0.808,0.374,0.0,4,0.111,-7.788,1,0.0349,103.975,0.229
Mais Que Um Personagem,36go3JnJEgyBR8D7CwM9Fl,Lucas Hype,2PZms5sL9CDg4rwoRFqPt5,130026,37foKV1TMjy4aJFB3VDmjQ,Bem-vindo ao meu álbum,42,0.00172,0.671,0.422,0.000319,1,0.172,-10.11,1,0.0435,120.027,0.0687
Mais Que Um Personagem,36go3JnJEgyBR8D7CwM9Fl,Lucas Hype,2PZms5sL9CDg4rwoRFqPt5,137170,3BBsw8GDeJZEr7Zko2gE6E,Snoop Dogg,46,0.00582,0.825,0.597,5.27e-05,8,0.0867,-11.224,1,0.188,91.013,0.552
Mais Que Um Personagem,36go3JnJEgyBR8D7CwM9Fl,Lucas Hype,2PZms5sL9CDg4rwoRFqPt5,132942,5LpFaCN3VvVtN5gK9eM2g1,PewDiePie,50,0.00924,0.94,0.31,0.0,1,0.0426,-10.405,1,0.573,129.916,0.629
Mais Que Um Personagem,36go3JnJEgyBR8D7CwM9Fl,Lucas Hype,2PZms5sL9CDg4rwoRFqPt5,166461,3H2eoMype5EJRlgodfm5fg,Eu não uso Gucci,47,0.0227,0.866,0.3,0.0,1,0.108,-10.764,1,0.508,123.835,0.268
Mais Que Um Personagem,36go3JnJEgyBR8D7CwM9Fl,Lucas Hype,2PZms5sL9CDg4rwoRFqPt5,137982,2oGen8vxYyBpI2jHlOckqa,Gótica Rabuda,46,0.00488,0.89,0.434,1.37e-05,0,0.385,-11.567,1,0.223,127.172,0.551
Mais Que Um Personagem,36go3JnJEgyBR8D7CwM9Fl,Lucas Hype,2PZms5sL9CDg4rwoRFqPt5,79987,4iU4baDsC0fNHfuw595ntf,Triste Mto Triste,43,0.0618,0.533,0.299,0.0137,1,0.117,-10.487,0,0.216,151.002,0.314
Mais Que Um Personagem,36go3JnJEgyBR8D7CwM9Fl,Lucas Hype,2PZms5sL9CDg4rwoRFqPt5,122317,08ATVKZIfuouv6UEN7nZKp,Ak 47,44,0.0255,0.953,0.43,0.0,1,0.0893,-11.534,1,0.51,130.068,0.465
Mais Que Um Personagem,36go3JnJEgyBR8D7CwM9Fl,Lucas Hype,2PZms5sL9CDg4rwoRFqPt5,148486,2H10eTK4JX5usWyQcLpEY0,Mais Que Um Personagem,46,0.0195,0.75,0.59,0.0,11,0.249,-10.982,0,0.296,95.024,0.477
Suicide Season,1prhMiPHHEEzK5ueEx2vWB,Bring Me The Horizon,1Ffb6ejR6Fe5IamqA5oRUF,228066,4S18jumfuq7s3UKZSYGxC6,Diamonds Aren't Forever,47,9e-05,0.18,0.867,0.0,6,0.0917,-5.337,1,0.217,76.251,0.108
There Is A Hell Believe Me I've Seen It. There Is A Heaven Let's Keep It A Secret,2BxDLAnw4QPcs8U4r1StrI,Bring Me The Horizon,1Ffb6ejR6Fe5IamqA5oRUF,274133,0ZxZsjMMyLgjRV1XLWlIaS,It Never Ends,52,0.000103,0.382,0.943,0.00011,8,0.396,-5.434,1,0.0872,105.032,0.128
Sempiternal (Deluxe Edition),4dhfdOEUI4tfqwdgouFTQA,Bring Me The Horizon,1Ffb6ejR6Fe5IamqA5oRUF,193637,0VGXyzdRuqnpk5Tz2mRdlx,Antivist,52,2.23e-05,0.499,0.991,0.0,0,0.176,-2.249,1,0.158,137.026,0.317
A Sinfonia de Tudo Que Há,2GYQYOTOE2oIX5aNuXci4y,Fresno,2sFXe6NbmT3k7Qy4N8fE7f,274485,1j2J2UWmr43VL4hblSNO9P,A Maldição,27,0.07,0.294,0.919,0.000664,4,0.389,-3.571,0,0.105,134.649,0.394
MAP OF THE SOUL : PERSONA,1AvXa8xFEXtR3hb4bgihIK,BTS,3Nrfpe0tUJi4K4DXYWgMUX,171023,2isSdmQfVv32j2haL6hk9x,Intro : Persona,71,0.0278,0.469,0.87,0.0,9,0.313,-4.475,0,0.342,86.622,0.652
MAP OF THE SOUL : PERSONA,1AvXa8xFEXtR3hb4bgihIK,BTS,3Nrfpe0tUJi4K4DXYWgMUX,229773,5KawlOMHjWeUjQtnuRs22c,Boy With Luv (feat. Halsey),87,0.0923,0.645,0.862,0.0,11,0.192,-4.757,0,0.0965,119.991,0.798
MAP OF THE SOUL : PERSONA,1AvXa8xFEXtR3hb4bgihIK,BTS,3Nrfpe0tUJi4K4DXYWgMUX,224225,5hnbE5BF2e8BCk9OMR1UVC,Mikrokosmos,76,0.125,0.58,0.858,0.0,8,0.0502,-5.212,1,0.114,174.039,0.475
MAP OF THE SOUL : PERSONA,1AvXa8xFEXtR3hb4bgihIK,BTS,3Nrfpe0tUJi4K4DXYWgMUX,226321,6KUE0HSSudAp9AOycaF6SH,Make It Right,76,0.0104,0.638,0.703,0.0,7,0.132,-7.874,1,0.444,105.766,0.261
MAP OF THE SOUL : PERSONA,1AvXa8xFEXtR3hb4bgihIK,BTS,3Nrfpe0tUJi4K4DXYWgMUX,234177,7lthOBXNue2IvedLRfkod8,HOME,76,0.0142,0.633,0.799,0.0,7,0.194,-4.625,0,0.0429,142.991,0.535
MAP OF THE SOUL : PERSONA,1AvXa8xFEXtR3hb4bgihIK,BTS,3Nrfpe0tUJi4K4DXYWgMUX,227275,0eeeyCAGnGZInPtpkdYiPa,Jamais Vu,73,0.226,0.608,0.47,0.0,8,0.0963,-6.73,1,0.0428,81.0,0.241
MAP OF THE SOUL : PERSONA,1AvXa8xFEXtR3hb4bgihIK,BTS,3Nrfpe0tUJi4K4DXYWgMUX,249215,6JdS5rJvJaRA7B1tcm7kxZ,Dionysus,75,0.04,0.502,0.91,0.0,7,0.319,-2.769,1,0.107,176.084,0.588
Gigantes,4W2IL1NXpcbsYmGdAjeJGg,BK,1YOVBTvznjiDvtAj4ExHeo,225598,4zYA8quFjwijnPm3YPz7l2,Novo Poder,44,0.0146,0.736,0.648,1.3e-05,1,0.121,-5.596,1,0.205,130.024,0.414
Gigantes,4W2IL1NXpcbsYmGdAjeJGg,BK,1YOVBTvznjiDvtAj4ExHeo,204228,4JAZOgJ8pXMIx62ES0Plwv,Porcentos,43,0.318,0.789,0.875,0.0,6,0.143,-5.645,0,0.289,125.028,0.733
Gigantes,4W2IL1NXpcbsYmGdAjeJGg,BK,1YOVBTvznjiDvtAj4ExHeo,232096,6HCOXcDsQnUjQl5FQJvMvL,Gigantes,48,0.209,0.583,0.573,0.000349,0,0.336,-7.107,0,0.0698,111.935,0.238
Gigantes,4W2IL1NXpcbsYmGdAjeJGg,BK,1YOVBTvznjiDvtAj4ExHeo,148507,6OG4DV0JcIx5ZJgTu8JGJO,Exóticos,44,0.161,0.698,0.779,0.0,9,0.0921,-6.722,1,0.392,92.89,0.423
Gigantes,4W2IL1NXpcbsYmGdAjeJGg,BK,1YOVBTvznjiDvtAj4ExHeo,251668,525iKRpCJuNRyA5OTUNzla,Julius,50,0.201,0.759,0.661,0.0,5,0.137,-6.457,0,0.363,129.794,0.658
Gigantes,4W2IL1NXpcbsYmGdAjeJGg,BK,1YOVBTvznjiDvtAj4ExHeo,263286,0iIWY5cQ3T63jZmNHB0RXf,Abebe Bikila,44,0.296,0.718,0.875,0.0,11,0.686,-4.873,0,0.345,90.016,0.832
Gigantes,4W2IL1NXpcbsYmGdAjeJGg,BK,1YOVBTvznjiDvtAj4ExHeo,294314,3yMjo7k4tTly5iyYcvQM3S,Titãs,50,0.257,0.498,0.492,1.96e-06,5,0.101,-5.39,0,0.22,134.683,0.515
Gigantes,4W2IL1NXpcbsYmGdAjeJGg,BK,1YOVBTvznjiDvtAj4ExHeo,249813,10jI01n8w6g41qiIMAcAkb,Vivos,52,0.0715,0.722,0.672,0.0,0,0.0762,-7.708,1,0.268,103.004,0.646
Gigantes,4W2IL1NXpcbsYmGdAjeJGg,BK,1YOVBTvznjiDvtAj4ExHeo,219334,7eYEQnY6Lzh3Y8jSOt3xEF,Planos,63,0.116,0.457,0.763,0.0,5,0.188,-6.985,0,0.0832,90.259,0.119
Gigantes,4W2IL1NXpcbsYmGdAjeJGg,BK,1YOVBTvznjiDvtAj4ExHeo,211672,16jqWAlgCptjND8jdJpOLE,Jovens,46,0.0806,0.708,0.79,0.0,11,0.293,-7.151,1,0.307,94.932,0.683
Gigantes,4W2IL1NXpcbsYmGdAjeJGg,BK,1YOVBTvznjiDvtAj4ExHeo,148738,4cdCTVjFGCOxwhIOBAgY6O,Deus do Furdunço,49,0.0287,0.852,0.646,3.84e-06,7,0.0922,-5.268,1,0.251,104.026,0.831
Gigantes,4W2IL1NXpcbsYmGdAjeJGg,BK,1YOVBTvznjiDvtAj4ExHeo,236066,1Fe2envYaKJp0anSCOfArY,Falam,43,0.0823,0.723,0.762,0.0,7,0.318,-7.215,1,0.297,138.019,0.74
Gigantes,4W2IL1NXpcbsYmGdAjeJGg,BK,1YOVBTvznjiDvtAj4ExHeo,271326,321NUxPmTUBVpr3Dh85q60,Correria - Remix,45,0.18,0.796,0.599,0.0,2,0.121,-7.288,1,0.366,131.061,0.487
Cataracts,01RhVBQHOPokrcGUWZlRKo,Levi The Poet,0bene1BaDgeo5bbwKDqcKw,116800,1N7qN1AIFwCU6FFoSbladf,Simul Justus Et Peccator,19,0.0567,0.474,0.807,0.0,5,0.342,-7.925,1,0.51,150.175,0.773
Cataracts,01RhVBQHOPokrcGUWZlRKo,Levi The Poet,0bene1BaDgeo5bbwKDqcKw,248200,5EEMtwr8PXa5DcRpPyPpkF,The Fort Lauderdale Five,19,0.685,0.623,0.772,0.0,11,0.104,-7.746,0,0.315,131.624,0.519
Cataracts,01RhVBQHOPokrcGUWZlRKo,Levi The Poet,0bene1BaDgeo5bbwKDqcKw,215541,5E5EtNyMdrJB8vEsFUpJ3N,Motion Made Visible Memories Arrested in Space,20,0.19,0.465,0.785,0.0,6,0.304,-7.245,0,0.203,139.872,0.316
Cataracts,01RhVBQHOPokrcGUWZlRKo,Levi The Poet,0bene1BaDgeo5bbwKDqcKw,250458,43FeI8jzJevruVRqCoPqmU,Big Business,22,0.597,0.514,0.744,1.29e-05,9,0.54,-7.576,1,0.373,160.125,0.726
Cataracts,01RhVBQHOPokrcGUWZlRKo,Levi The Poet,0bene1BaDgeo5bbwKDqcKw,242658,1tvyOIbI9Bydohe1njKO5e,The Dark Night of the Soul,23,0.942,0.572,0.314,4.3e-06,2,0.117,-11.014,1,0.2,69.559,0.336
Cataracts,01RhVBQHOPokrcGUWZlRKo,Levi The Poet,0bene1BaDgeo5bbwKDqcKw,486841,1u5Dyae6DUS5Q3StC6GFow,As Far As the East Is from the (Navel to The) West,22,0.686,0.57,0.735,1.04e-06,2,0.118,-7.409,1,0.306,129.35,0.399
Cataracts,01RhVBQHOPokrcGUWZlRKo,Levi The Poet,0bene1BaDgeo5bbwKDqcKw,442615,5dp8XnkiSEf109nqn1saPP,Keep Forgiving,30,0.793,0.565,0.371,0.0,0,0.376,-15.144,1,0.414,113.348,0.755
On Watch,2mDnee8BpXtRKqK4vfWi0Y,Slow Mass,3KNu5LgTN5wduuxasC2w8R,33966,1U4joDU5jHTxgETdEOYUsq,On Watch I,14,0.959,0.601,0.156,0.877,3,0.141,-24.26,1,0.0558,114.88,0.797
On Watch,2mDnee8BpXtRKqK4vfWi0Y,Slow Mass,3KNu5LgTN5wduuxasC2w8R,230493,650UDJsijOMeTVAo7rmtLx,Gray Havens,20,0.000146,0.263,0.765,0.006,2,0.093,-9.284,1,0.0726,149.447,0.203
On Watch,2mDnee8BpXtRKqK4vfWi0Y,Slow Mass,3KNu5LgTN5wduuxasC2w8R,215186,0fL4es2dzH9vZXPK3wUl5Y,Blocks,18,0.00126,0.231,0.757,0.0581,8,0.112,-11.231,1,0.0553,81.672,0.34
On Watch,2mDnee8BpXtRKqK4vfWi0Y,Slow Mass,3KNu5LgTN5wduuxasC2w8R,286160,579okT9pim67lupU8OhdZ5,Suburban Yellow,26,0.00647,0.469,0.514,2.73e-06,4,0.0696,-9.711,0,0.0338,142.063,0.507
On Watch,2mDnee8BpXtRKqK4vfWi0Y,Slow Mass,3KNu5LgTN5wduuxasC2w8R,210733,3l7ZmajnZxO79DxInLrzDg,My Violent Years,14,0.844,0.146,0.201,0.00335,6,0.169,-14.831,1,0.0416,81.983,0.066
On Watch,2mDnee8BpXtRKqK4vfWi0Y,Slow Mass,3KNu5LgTN5wduuxasC2w8R,299746,74HtSlb90lgXu7iG8kIKH6,Oldest Youngest,16,0.633,0.39,0.255,0.104,2,0.0955,-13.694,1,0.0293,139.774,0.0974
On Watch,2mDnee8BpXtRKqK4vfWi0Y,Slow Mass,3KNu5LgTN5wduuxasC2w8R,32880,6S6KcZLnP90tvLIFJN2POt,On Watch II,11,0.738,0.323,0.487,0.432,3,0.564,-17.97,1,0.0932,113.571,0.719
On Watch,2mDnee8BpXtRKqK4vfWi0Y,Slow Mass,3KNu5LgTN5wduuxasC2w8R,68306,1BWl4ZoVO5EDwNlRVzvoZw,E.D.,13,1.24e-05,0.292,0.975,0.69,2,0.318,-8.307,1,0.0642,189.821,0.222
On Watch,2mDnee8BpXtRKqK4vfWi0Y,Slow Mass,3KNu5LgTN5wduuxasC2w8R,191680,50Q25oCp4AlCUJBAhujg9k,The Author,14,0.18,0.544,0.648,0.0145,6,0.102,-12.48,1,0.0351,100.004,0.659
On Watch,2mDnee8BpXtRKqK4vfWi0Y,Slow Mass,3KNu5LgTN5wduuxasC2w8R,186146,0PfrwTnuL253brEOK6sgXW,Tunnel Vision Quest,11,0.515,0.43,0.207,0.821,2,0.143,-17.476,1,0.0329,119.972,0.431
On Watch,2mDnee8BpXtRKqK4vfWi0Y,Slow Mass,3KNu5LgTN5wduuxasC2w8R,169013,6CxuqOtgLIKUE8xgF64GPU,Like Dead Skin,11,6.19e-06,0.213,0.923,0.939,1,0.621,-9.347,1,0.0923,175.055,0.0377
On Watch,2mDnee8BpXtRKqK4vfWi0Y,Slow Mass,3KNu5LgTN5wduuxasC2w8R,283320,0dn2DnNksbsDQAC1jCzfLr,Schemes,14,0.000133,0.437,0.823,0.284,1,0.358,-9.911,1,0.0511,142.985,0.255
On Watch,2mDnee8BpXtRKqK4vfWi0Y,Slow Mass,3KNu5LgTN5wduuxasC2w8R,311320,6CPg4qlrVWVuKmglH5M8xF,G's End,10,0.512,0.308,0.217,0.674,1,0.145,-17.689,1,0.0307,105.868,0.129
Handwritten (Deluxe),5Jov5724Nz13A302HM2eKG,Shawn Mendes,7n2wHs1TKAczGzO7Dd2rGr,214533,6X9jRxp5WT079qyQC0JEei,Life Of The Party,51,0.0663,0.667,0.614,0.0,10,0.111,-4.995,1,0.0314,113.979,0.161
Handwritten (Deluxe),5Jov5724Nz13A302HM2eKG,Shawn Mendes,7n2wHs1TKAczGzO7Dd2rGr,206880,4dLMVmmQC74C4p3AWdwhff,Stitches,50,0.0152,0.746,0.754,0.0,1,0.0486,-6.681,1,0.067,149.882,0.764
Handwritten (Deluxe),5Jov5724Nz13A302HM2eKG,Shawn Mendes,7n2wHs1TKAczGzO7Dd2rGr,215813,4iB4S4aVAJw8Bs2GQ2ntdI,Never Be Alone,51,0.514,0.376,0.466,5.8e-05,10,0.0781,-6.927,1,0.0353,199.835,0.276
Handwritten (Deluxe),5Jov5724Nz13A302HM2eKG,Shawn Mendes,7n2wHs1TKAczGzO7Dd2rGr,225826,457TkUgKq0FJ4Fk8HOnaVf,Kid In Love,48,0.0271,0.625,0.598,0.0,7,0.15,-7.085,1,0.0336,85.011,0.369
Handwritten (Deluxe),5Jov5724Nz13A302HM2eKG,Shawn Mendes,7n2wHs1TKAczGzO7Dd2rGr,180400,4lg1urGa0mNBGkfKT2jStu,I Don't Even Know Your Name,47,0.0127,0.626,0.524,0.0,3,0.099,-5.944,1,0.0422,84.865,0.56
Handwritten (Deluxe),5Jov5724Nz13A302HM2eKG,Shawn Mendes,7n2wHs1TKAczGzO7Dd2rGr,161440,060xmC5Tr7AVfT1ew9OHSB,Something Big,47,0.00614,0.694,0.854,0.0,7,0.158,-3.891,0,0.043,112.007,0.803
Handwritten (Deluxe),5Jov5724Nz13A302HM2eKG,Shawn Mendes,7n2wHs1TKAczGzO7Dd2rGr,190773,2THF5ECxAXorWXyTHx4Xvn,Strings,47,0.00221,0.664,0.729,0.0,8,0.251,-5.007,0,0.0533,77.992,0.685
Handwritten (Deluxe),5Jov5724Nz13A302HM2eKG,Shawn Mendes,7n2wHs1TKAczGzO7Dd2rGr,169573,4mT5m1qC5t0JxmSHmBqgcM,Aftertaste,48,0.000323,0.637,0.509,0.0,1,0.0938,-5.926,1,0.0346,111.805,0.306
Handwritten (Deluxe),5Jov5724Nz13A302HM2eKG,Shawn Mendes,7n2wHs1TKAczGzO7Dd2rGr,194146,2hI96mj9iIHNfqCCozP2q3,Air,46,0.252,0.758,0.501,0.0,0,0.191,-7.051,1,0.0589,78.042,0.397
Handwritten (Deluxe),5Jov5724Nz13A302HM2eKG,Shawn Mendes,7n2wHs1TKAczGzO7Dd2rGr,191800,1xLfyeaBmUKmpdY2WIBPmZ,Crazy,47,0.613,0.434,0.266,0.0,4,0.109,-8.824,1,0.0364,157.334,0.284
Handwritten (Deluxe),5Jov5724Nz13A302HM2eKG,Shawn Mendes,7n2wHs1TKAczGzO7Dd2rGr,187026,0VbknmFhd5lBUBMqYSBKJS,A Little Too Much,48,0.473,0.553,0.507,0.0,11,0.108,-6.24,1,0.0304,83.093,0.57
Handwritten (Deluxe),5Jov5724Nz13A302HM2eKG,Shawn Mendes,7n2wHs1TKAczGzO7Dd2rGr,230440,757T90z5XdtaPetOxMY4wv,This Is What It Takes,47,0.384,0.491,0.324,0.0,0,0.119,-6.703,1,0.0315,81.901,0.324
Handwritten (Deluxe),5Jov5724Nz13A302HM2eKG,Shawn Mendes,7n2wHs1TKAczGzO7Dd2rGr,159786,5Ly1ifwG61OwJwR06BWRoF,Bring It Back,52,0.158,0.466,0.448,0.0,11,0.127,-7.173,0,0.0327,79.306,0.27
Handwritten (Deluxe),5Jov5724Nz13A302HM2eKG,Shawn Mendes,7n2wHs1TKAczGzO7Dd2rGr,217773,21TcDbGosp7w9YhTjOszgA,Imagination,74,0.0743,0.481,0.455,0.0,0,0.0694,-5.942,1,0.0286,179.468,0.333
Handwritten (Deluxe),5Jov5724Nz13A302HM2eKG,Shawn Mendes,7n2wHs1TKAczGzO7Dd2rGr,183466,3Mi8mCnvcBPdiPgmHYWEow,The Weight,59,0.416,0.475,0.496,0.0,10,0.0942,-6.948,1,0.0384,111.13,0.329
Handwritten (Deluxe),5Jov5724Nz13A302HM2eKG,Shawn Mendes,7n2wHs1TKAczGzO7Dd2rGr,223853,6PV4WEddnan8wN6b7pjznI,I Know What You Did Last Summer,48,0.1,0.668,0.762,0.0,9,0.139,-4.58,0,0.105,113.878,0.746
Alucinação,6LOAcxawVW0Q56iJTczw3r,Belchior,0C8HhyOa7zfzIl3gmPjY52,257946,0e8WIsbTTOABxsYXE9C2YW,Apenas Um Rapaz Latino Americano,32,0.642,0.527,0.71,0.0,4,0.313,-5.716,1,0.0405,108.798,0.508
Alucinação,6LOAcxawVW0Q56iJTczw3r,Belchior,0C8HhyOa7zfzIl3gmPjY52,289680,012UJEjchgzrDEhv0y6ekC,Velha Roupa Colorida,31,0.517,0.363,0.519,0.0,7,0.244,-8.134,1,0.0334,137.238,0.184
Alucinação,6LOAcxawVW0Q56iJTczw3r,Belchior,0C8HhyOa7zfzIl3gmPjY52,279653,1FRkAWjdd34HqRoZsLW68H,Como Nossos Pais,31,0.705,0.533,0.558,0.0,9,0.0949,-5.737,1,0.0468,95.03,0.49
Alucinação,6LOAcxawVW0Q56iJTczw3r,Belchior,0C8HhyOa7zfzIl3gmPjY52,195880,0ZhNovlwgZMvOO5pEnsR02,Sujeito De Sorte,33,0.19,0.436,0.701,0.00167,4,0.0715,-7.137,1,0.0641,167.732,0.35
Alucinação,6LOAcxawVW0Q56iJTczw3r,Belchior,0C8HhyOa7zfzIl3gmPjY52,123693,1yYNbhWwH8BC4gZNhD46EW,Como O Diabo Gosta,29,0.51,0.355,0.394,0.0,7,0.11,-7.912,1,0.0378,91.819,0.355
Alucinação,6LOAcxawVW0Q56iJTczw3r,Belchior,0C8HhyOa7zfzIl3gmPjY52,294240,6mmExQyMxADUgYE2Jg7QXg,Alucinacao,32,0.574,0.331,0.642,0.0,7,0.141,-6.867,1,0.0981,201.614,0.489
Alucinação,6LOAcxawVW0Q56iJTczw3r,Belchior,0C8HhyOa7zfzIl3gmPjY52,251546,7kJYP7WDVBdPywHRHC1OvU,Nao Leve Flores,28,0.173,0.663,0.851,0.0,7,0.284,-6.297,1,0.0381,109.289,0.901
Alucinação,6LOAcxawVW0Q56iJTczw3r,Belchior,0C8HhyOa7zfzIl3gmPjY52,176240,1cv94oVQlncAm8F3NLAQbH,A Palo Seco,30,0.178,0.572,0.609,0.0,7,0.0704,-5.936,1,0.0359,104.041,0.663
Alucinação,6LOAcxawVW0Q56iJTczw3r,Belchior,0C8HhyOa7zfzIl3gmPjY52,323026,4LyX9d4TL94drBHfYUg142,Fotografia 3 X 4,30,0.73,0.36,0.63,0.0,7,0.1,-6.484,1,0.0473,92.909,0.344
Alucinação,6LOAcxawVW0Q56iJTczw3r,Belchior,0C8HhyOa7zfzIl3gmPjY52,57306,6oW4vsiO7Prv01StGA96A8,Antes Do Fim,26,0.287,0.535,0.541,0.00154,7,0.24,-6.86,1,0.0311,117.347,0.774
Clube Da Esquina,7Hk9jGHupUwHa0JXQr8m0F,Milton Nascimento,3Bnq7jiU506HcPjRgQ43TM,177000,4iNgXqTD2uux9GH4lTnNaN,Tudo O Que Você Podia Ser,27,0.303,0.454,0.441,0.000524,2,0.104,-16.733,0,0.0286,95.7,0.817
Clube Da Esquina,7Hk9jGHupUwHa0JXQr8m0F,Milton Nascimento,3Bnq7jiU506HcPjRgQ43TM,165360,3TZWujaYzkIxj0Encx4pbe,Cais,19,0.855,0.485,0.111,0.000624,8,0.202,-22.847,1,0.0323,94.804,0.171
Clube Da Esquina,7Hk9jGHupUwHa0JXQr8m0F,Lô Borges,1mZbRiSVb2ExneAlDbBiiT,245466,0zK8rz7eJdY9lwO8C6ZpER,O Trem Azul,21,0.025,0.569,0.354,1.07e-05,0,0.369,-15.555,1,0.0317,128.829,0.412
Clube Da Esquina,7Hk9jGHupUwHa0JXQr8m0F,Milton Nascimento,3Bnq7jiU506HcPjRgQ43TM,45306,2IRPvycbuLXhk41w7OPqQI,Saídas E Bandeiras Nº 1,15,0.392,0.729,0.484,0.0,11,0.33,-14.01,0,0.141,137.184,0.625
Clube Da Esquina,7Hk9jGHupUwHa0JXQr8m0F,Milton Nascimento,3Bnq7jiU506HcPjRgQ43TM,179826,3Qqe52j0WOohzAVVPCrtaA,Nuvem Cigana,19,0.596,0.525,0.273,0.0,0,0.13,-16.735,1,0.0325,120.166,0.534
Clube Da Esquina,7Hk9jGHupUwHa0JXQr8m0F,Milton Nascimento,3Bnq7jiU506HcPjRgQ43TM,151800,3FBt52I3lgpZRA5MdYHQ16,Cravo E Canela,19,0.178,0.476,0.313,2.06e-05,7,0.0618,-16.909,1,0.0423,118.922,0.676
Clube Da Esquina,7Hk9jGHupUwHa0JXQr8m0F,Milton Nascimento,3Bnq7jiU506HcPjRgQ43TM,322106,4AnemwpgC1FDhgmwEeGEbf,Dos Cruces,14,0.691,0.44,0.0733,0.00463,9,0.209,-18.489,1,0.0353,116.109,0.253
Clube Da Esquina,7Hk9jGHupUwHa0JXQr8m0F,Lô Borges,1mZbRiSVb2ExneAlDbBiiT,252800,0ElgcjFAHHj9ZvQfTOWm7v,Um Girassol Da Cor Do Seu Cabelo,24,0.549,0.32,0.264,2.86e-05,9,0.146,-17.81,0,0.0325,142.292,0.204
Clube Da Esquina,7Hk9jGHupUwHa0JXQr8m0F,Milton Nascimento,3Bnq7jiU506HcPjRgQ43TM,166600,6SvmIXFq0L445ETSrng9uF,San Vicente,17,0.282,0.426,0.265,7.5e-05,9,0.459,-16.546,1,0.0321,149.427,0.441
Clube Da Esquina,7Hk9jGHupUwHa0JXQr8m0F,Lô Borges,1mZbRiSVb2ExneAlDbBiiT,28560,4gL8TC8BK4RXMH5HJHc8a2,Estrelas,0,0.805,0.259,0.157,0.405,2,0.193,-20.947,1,0.0349,57.236,0.652
Clube Da Esquina,7Hk9jGHupUwHa0JXQr8m0F,Milton Nascimento,3Bnq7jiU506HcPjRgQ43TM,218573,6jVWIRz01vnJ1VE8LtWK6Q,Clube Da Esquina Nº 2,20,0.407,0.472,0.412,0.494,2,0.225,-16.583,1,0.0291,151.535,0.726
Clube Da Esquina,7Hk9jGHupUwHa0JXQr8m0F,Lô Borges,1mZbRiSVb2ExneAlDbBiiT,178226,5FNBwhRgHZSL4mIcFgagFK,Paisagem Da Janela,18,0.537,0.674,0.296,0.0,0,0.314,-16.872,1,0.0341,110.263,0.597
Clube Da Esquina,7Hk9jGHupUwHa0JXQr8m0F,Milton Nascimento,3Bnq7jiU506HcPjRgQ43TM,185573,1slxk4MTyruWW0zoWF1Gbj,Me Deixa Em Paz,15,0.227,0.607,0.297,0.000239,11,0.0685,-18.853,0,0.0372,125.841,0.73
Clube Da Esquina,7Hk9jGHupUwHa0JXQr8m0F,Milton Nascimento,3Bnq7jiU506HcPjRgQ43TM,270960,7rcDNbjbSkA6XvPWrORrRi,Os Povos,13,0.697,0.488,0.108,0.000103,7,0.083,-20.645,1,0.0359,119.567,0.387
Clube Da Esquina,7Hk9jGHupUwHa0JXQr8m0F,Milton Nascimento,3Bnq7jiU506HcPjRgQ43TM,90733,1TXcNxPHBFFW2f2OSzMdpu,Saídas E Bandeiras Nº 2,13,0.185,0.677,0.495,0.00806,4,0.329,-14.997,0,0.0579,137.962,0.929
Clube Da Esquina,7Hk9jGHupUwHa0JXQr8m0F,Milton Nascimento,3Bnq7jiU506HcPjRgQ43TM,260640,2nHsFt32GaOncuwX36i2Ai,Um Gosto De Sol,13,0.968,0.387,0.091,0.247,0,0.122,-22.025,0,0.047,94.002,0.209
Clube Da Esquina,7Hk9jGHupUwHa0JXQr8m0F,Milton Nascimento,3Bnq7jiU506HcPjRgQ43TM,126066,0LBqedI7HHG5PeDBInQ2As,Pelo Amor De Deus,11,0.265,0.268,0.336,0.0,5,0.0813,-14.905,1,0.0518,172.796,0.276
Clube Da Esquina,7Hk9jGHupUwHa0JXQr8m0F,Milton Nascimento,3Bnq7jiU506HcPjRgQ43TM,153666,2of3AblS9BU0CFwyjW4yiU,Lilia,12,0.0134,0.452,0.475,0.205,9,0.217,-17.873,0,0.0344,86.51,0.825
Clube Da Esquina,7Hk9jGHupUwHa0JXQr8m0F,Lô Borges,1mZbRiSVb2ExneAlDbBiiT,238400,0PXxfZENZI5Yql56yn7673,Trem De Doido,15,0.00164,0.283,0.432,0.0203,4,0.0623,-17.13,0,0.0367,154.901,0.468
Clube Da Esquina,7Hk9jGHupUwHa0JXQr8m0F,Milton Nascimento,3Bnq7jiU506HcPjRgQ43TM,203800,3hlvA3r5REV8tjnOZzCAmV,Nada Será Como Antes,19,0.159,0.512,0.392,0.000168,0,0.0821,-16.766,0,0.0388,129.279,0.68
Clube Da Esquina,7Hk9jGHupUwHa0JXQr8m0F,Milton Nascimento,3Bnq7jiU506HcPjRgQ43TM,200626,5bk64YGHTZads6zN4Nrqoe,Ao Que Vai Nascer,11,0.711,0.395,0.212,0.00135,1,0.0868,-19.071,1,0.0299,97.188,0.0727
Manchild,5el3aDTuvl62pS9F48c55u,Phum Viphurit,5mqguTgtaoCMNMZD6txCh6,205624,0bnGpP5DSgTy4JCJqUhrxY,Strangers in a Dream,52,0.326,0.804,0.672,1.01e-05,0,0.0849,-7.948,1,0.0278,120.003,0.577
Manchild,5el3aDTuvl62pS9F48c55u,Phum Viphurit,5mqguTgtaoCMNMZD6txCh6,276106,2JyMLTDO57dtxKjm8jNBUA,Run,45,0.877,0.701,0.469,0.000152,2,0.241,-8.301,1,0.0292,112.983,0.364
Manchild,5el3aDTuvl62pS9F48c55u,Phum Viphurit,5mqguTgtaoCMNMZD6txCh6,266511,6MvSyEDqD6QDjhj5al6d2H,The Art of Detaching One's Heart,49,0.85,0.515,0.456,6.89e-05,3,0.102,-8.959,1,0.0268,85.716,0.188
Manchild,5el3aDTuvl62pS9F48c55u,Phum Viphurit,5mqguTgtaoCMNMZD6txCh6,303529,7oG9C8zLe5WwZBA6HwRGCY,Trial and Error,41,0.344,0.679,0.324,1.91e-05,9,0.0529,-8.981,1,0.0343,136.021,0.351
Manchild,5el3aDTuvl62pS9F48c55u,Phum Viphurit,5mqguTgtaoCMNMZD6txCh6,232421,60OmsYOXHyPROUu7Bc8umb,Adore,46,0.457,0.691,0.632,0.0,9,0.0485,-5.874,1,0.0296,94.974,0.576
Manchild,5el3aDTuvl62pS9F48c55u,Phum Viphurit,5mqguTgtaoCMNMZD6txCh6,224571,2GkWQd0h4J7Fwyxf69NpTy,Paper Throne,45,0.0803,0.65,0.698,7.83e-06,0,0.324,-6.796,1,0.0276,104.906,0.429
Manchild,5el3aDTuvl62pS9F48c55u,Phum Viphurit,5mqguTgtaoCMNMZD6txCh6,278000,1YgE8A1CML2jJNN1BKz6MD,Beg,40,0.816,0.431,0.476,0.00259,0,0.0856,-10.807,1,0.0682,79.539,0.251
Manchild,5el3aDTuvl62pS9F48c55u,Phum Viphurit,5mqguTgtaoCMNMZD6txCh6,213818,2kxsu1pjmfjAq4qsf52j87,Long Gone,56,0.713,0.73,0.45,0.00556,0,0.126,-9.666,1,0.0266,109.986,0.536
Manchild,5el3aDTuvl62pS9F48c55u,Phum Viphurit,5mqguTgtaoCMNMZD6txCh6,200181,0pE3Q9ojNxS9YvN0gGzork,Sweet Hurricane,50,0.919,0.66,0.309,0.00783,4,0.183,-11.346,1,0.0302,109.999,0.219
Bluesman,0QMVSKhzT4u2DEd8qdlz4I,Baco Exu do Blues,78nr1pVnDR7qZH6QbVMYZf,173381,3hHMr9tAmcqGqUjX8awAzL,Bluesman,60,0.157,0.607,0.763,2.4e-05,4,0.366,-5.529,0,0.578,149.838,0.411
Bluesman,0QMVSKhzT4u2DEd8qdlz4I,Baco Exu do Blues,78nr1pVnDR7qZH6QbVMYZf,227418,6cySaD4BYMOFlXI3cNS1tL,Queima Minha Pele,59,0.11,0.792,0.668,1.94e-06,2,0.173,-5.174,0,0.155,120.021,0.322
Bluesman,0QMVSKhzT4u2DEd8qdlz4I,Baco Exu do Blues,78nr1pVnDR7qZH6QbVMYZf,212436,2BF6mQdYAkLmeRQmX7YyPy,Me Desculpa Jay Z,70,0.0817,0.375,0.716,0.0,0,0.1,-7.51,1,0.685,71.18,0.179
Bluesman,0QMVSKhzT4u2DEd8qdlz4I,Baco Exu do Blues,78nr1pVnDR7qZH6QbVMYZf,203766,4f6tOwKVurENOwUvi405Gh,Minotauro de Borges,54,0.422,0.715,0.535,3.82e-06,6,0.575,-9.018,0,0.537,113.969,0.549
Bluesman,0QMVSKhzT4u2DEd8qdlz4I,Baco Exu do Blues,78nr1pVnDR7qZH6QbVMYZf,250021,03NCUnoUnGAU7fjTaY8Lvo,Kanye West da Bahia,52,0.0755,0.609,0.652,0.0,11,0.244,-5.896,0,0.578,101.385,0.573
Bluesman,0QMVSKhzT4u2DEd8qdlz4I,Baco Exu do Blues,78nr1pVnDR7qZH6QbVMYZf,237898,7wcDSsREsX9wn8P1iEdBgj,Flamingos,65,0.0557,0.437,0.566,0.0,4,0.483,-5.093,1,0.229,80.056,0.587
Bluesman,0QMVSKhzT4u2DEd8qdlz4I,Baco Exu do Blues,78nr1pVnDR7qZH6QbVMYZf,183925,3baOycIMQ6LRDU9vK5uvSH,Girassóis de Van Gogh,65,0.0132,0.686,0.618,1.3e-05,0,0.0901,-6.653,0,0.0437,137.138,0.341
Bluesman,0QMVSKhzT4u2DEd8qdlz4I,Baco Exu do Blues,78nr1pVnDR7qZH6QbVMYZf,136090,2V0VhqNaIDS4jS4ZRXdD2H,Preto e Prata,51,0.505,0.907,0.873,0.0012,0,0.0859,-6.35,1,0.199,127.071,0.502
Bluesman,0QMVSKhzT4u2DEd8qdlz4I,Baco Exu do Blues,78nr1pVnDR7qZH6QbVMYZf,199083,4FKXfcmdye6qnoR7UPeeCz,BB King,51,0.407,0.613,0.783,0.0,3,0.43,-7.92,0,0.516,125.99,0.433
Vida Que Segue,5sSrkCflXsE7Xva7rbZw28,Não ao Futebol Moderno,4k7aDO0205tCEvFKuck7L0,133999,2t1JOLVbb82mYn1k1DnvoX,Quase Jr.,24,0.00226,0.557,0.598,0.703,11,0.102,-8.737,0,0.0327,131.98,0.302
Vida Que Segue,5sSrkCflXsE7Xva7rbZw28,Não ao Futebol Moderno,4k7aDO0205tCEvFKuck7L0,196999,6kNPPkIjbx4VKzZ2yskHBB,Cansado de Trampar,20,0.028,0.336,0.658,0.822,3,0.29,-9.512,1,0.029,135.961,0.53
Vida Que Segue,5sSrkCflXsE7Xva7rbZw28,Não ao Futebol Moderno,4k7aDO0205tCEvFKuck7L0,198499,4g3okNaVsa9fIOTtoUiQB0,Carlinhos,18,0.105,0.641,0.697,0.774,1,0.186,-9.702,0,0.0281,130.02,0.562
Vida Que Segue,5sSrkCflXsE7Xva7rbZw28,Não ao Futebol Moderno,4k7aDO0205tCEvFKuck7L0,176999,6ntm1uPpZU4756weGPEFqD,Laços de Família,20,0.283,0.523,0.602,0.551,9,0.115,-9.933,1,0.029,101.98,0.569
Vida Que Segue,5sSrkCflXsE7Xva7rbZw28,Não ao Futebol Moderno,4k7aDO0205tCEvFKuck7L0,134999,5DvrT6tG2ODMJRnB4xHuxz,Saia,21,0.525,0.702,0.437,0.000545,4,0.217,-11.64,1,0.0268,103.992,0.708
Vida Que Segue,5sSrkCflXsE7Xva7rbZw28,Não ao Futebol Moderno,4k7aDO0205tCEvFKuck7L0,264499,5XIWNJUQEAU9OjQCWuOpYF,Peso Pesar,16,0.142,0.253,0.513,0.578,4,0.426,-10.421,1,0.0356,65.087,0.319
Vida Que Segue,5sSrkCflXsE7Xva7rbZw28,Não ao Futebol Moderno,4k7aDO0205tCEvFKuck7L0,208499,5V6bbV9ddm799GcsLUZi3r,Janeiro,23,0.118,0.34,0.418,0.456,9,0.165,-10.317,1,0.0347,173.893,0.269
Vida Que Segue,5sSrkCflXsE7Xva7rbZw28,Não ao Futebol Moderno,4k7aDO0205tCEvFKuck7L0,93999,1m6LKRjmWrL47lU7k5qaoD,Intruso,13,0.0538,0.392,0.606,0.493,5,0.161,-9.655,1,0.0534,110.059,0.274
Vida Que Segue,5sSrkCflXsE7Xva7rbZw28,Não ao Futebol Moderno,4k7aDO0205tCEvFKuck7L0,239999,27n9IXNVLBeeMTGm90QC0G,Quintal,15,0.862,0.475,0.44,0.858,4,0.268,-10.524,0,0.0318,119.73,0.187
Vida Que Segue,5sSrkCflXsE7Xva7rbZw28,Não ao Futebol Moderno,4k7aDO0205tCEvFKuck7L0,205999,3fUnTuvw7wzKv2VL3Z26LB,Carro Chefe,14,0.055,0.492,0.473,0.0448,2,0.0815,-10.072,1,0.0293,128.986,0.113
Fresh Fruit For Rotting Vegetables,6tg1dxmyylhE7oFXcnK0P6,Dead Kennedys,30U8fYtiNpeA5KH6H87QUV,184000,5eI55IZN3ZtGp0p8J1THe0,Kill The Poor,37,0.208,0.331,0.919,0.000178,7,0.347,-8.1,1,0.05,107.264,0.334
Fresh Fruit For Rotting Vegetables,6tg1dxmyylhE7oFXcnK0P6,Dead Kennedys,30U8fYtiNpeA5KH6H87QUV,82066,5p3p8uTxdW94s8CehInTWW,Forward To Death,34,0.0174,0.531,0.789,0.0993,11,0.0214,-8.229,0,0.0487,131.715,0.797
Fresh Fruit For Rotting Vegetables,6tg1dxmyylhE7oFXcnK0P6,Dead Kennedys,30U8fYtiNpeA5KH6H87QUV,82640,2LiywNrgaig5oClNlp6WcF,When Ya Get Drafted,30,0.457,0.379,0.932,0.00345,11,0.087,-7.614,0,0.113,138.601,0.897
Fresh Fruit For Rotting Vegetables,6tg1dxmyylhE7oFXcnK0P6,Dead Kennedys,30U8fYtiNpeA5KH6H87QUV,134133,6eolaXsZJA9Bl0uyiV2WQm,Let's Lynch The Landlord,32,0.502,0.348,0.961,0.851,6,0.355,-8.657,1,0.0677,80.644,0.454
Fresh Fruit For Rotting Vegetables,6tg1dxmyylhE7oFXcnK0P6,Dead Kennedys,30U8fYtiNpeA5KH6H87QUV,115333,7q4IsUoYp4CAUJd3GWQmqY,Drug Me,29,0.728,0.239,0.948,0.172,8,0.769,-8.728,1,0.0771,168.947,0.534
Fresh Fruit For Rotting Vegetables,6tg1dxmyylhE7oFXcnK0P6,Dead Kennedys,30U8fYtiNpeA5KH6H87QUV,79493,0BCeDqVtuG4i00ZgZvDG8R,Your Emotions,29,0.221,0.414,0.945,0.0221,9,0.239,-8.758,0,0.0942,132.922,0.458
Fresh Fruit For Rotting Vegetables,6tg1dxmyylhE7oFXcnK0P6,Dead Kennedys,30U8fYtiNpeA5KH6H87QUV,179333,5B7AslkYK9yQYPGCdRgeXJ,Chemical Warfare,31,0.738,0.303,0.975,0.436,2,0.15,-7.197,1,0.179,118.144,0.435
Fresh Fruit For Rotting Vegetables,6tg1dxmyylhE7oFXcnK0P6,Dead Kennedys,30U8fYtiNpeA5KH6H87QUV,180533,7F4yHMWcQuCrUv9ayqw2HK,California Uber Alles,34,0.535,0.384,0.842,0.000997,8,0.0437,-8.808,1,0.102,101.043,0.62
Fresh Fruit For Rotting Vegetables,6tg1dxmyylhE7oFXcnK0P6,Dead Kennedys,30U8fYtiNpeA5KH6H87QUV,122440,534kLI1q0qepCyHh35LbZG,I Kill Children,29,0.104,0.217,0.951,0.00902,0,0.411,-8.135,1,0.105,143.473,0.191
Fresh Fruit For Rotting Vegetables,6tg1dxmyylhE7oFXcnK0P6,Dead Kennedys,30U8fYtiNpeA5KH6H87QUV,93733,3z4oCbF0YEXzkhjkBwrbbi,Stealing Peoples' Mail,28,0.265,0.419,0.968,0.018,0,0.377,-7.205,1,0.142,138.217,0.538
Fresh Fruit For Rotting Vegetables,6tg1dxmyylhE7oFXcnK0P6,Dead Kennedys,30U8fYtiNpeA5KH6H87QUV,110093,2jzHe9jSApjDdu0gBbpnRI,Funland At The Beach,27,0.706,0.456,0.973,0.349,9,0.252,-5.887,0,0.0663,111.285,0.788
Fresh Fruit For Rotting Vegetables,6tg1dxmyylhE7oFXcnK0P6,Dead Kennedys,30U8fYtiNpeA5KH6H87QUV,166533,3o0Wba0UcHTO7SbcI2CMXX,Ill In The Head,26,0.151,0.461,0.966,0.125,1,0.0668,-8.105,1,0.0512,115.666,0.625
Fresh Fruit For Rotting Vegetables,6tg1dxmyylhE7oFXcnK0P6,Dead Kennedys,30U8fYtiNpeA5KH6H87QUV,279333,3RNlXmY0mgiTXWwn0BIudY,Holiday In Cambodia,51,0.82,0.311,0.956,0.551,7,0.344,-8.706,1,0.0681,100.46,0.394
Fresh Fruit For Rotting Vegetables,6tg1dxmyylhE7oFXcnK0P6,Dead Kennedys,30U8fYtiNpeA5KH6H87QUV,157160,2YugEw5SaiG6NAQXLtv7Ht,Viva Las Vegas,30,0.182,0.376,0.931,0.000141,9,0.0682,-7.711,1,0.0723,153.506,0.595
Fresh Fruit For Rotting Vegetables,6tg1dxmyylhE7oFXcnK0P6,Dead Kennedys,30U8fYtiNpeA5KH6H87QUV,183800,5uBvwCuDzKG2rTWNsqzyrG,Kill the Poor (Single Version),25,0.222,0.336,0.929,0.000187,7,0.234,-8.067,1,0.0492,106.995,0.301
Abaixo de Zero: Hello Hell,0d9km1VogLi6sN6S95ilyT,Black Alien,6aCbXH85qN6xo54C7atSMx,165858,0k70HfFx7rqehJDmYk8FKh,Área 51,59,0.766,0.827,0.59,0.0,0,0.122,-5.713,1,0.372,169.961,0.672
Abaixo de Zero: Hello Hell,0d9km1VogLi6sN6S95ilyT,Black Alien,6aCbXH85qN6xo54C7atSMx,262500,2fOzeW265HQxThDOrA66Mc,Carta Pra Amy,60,0.382,0.888,0.429,0.0,1,0.11,-9.096,1,0.358,127.976,0.526
Abaixo de Zero: Hello Hell,0d9km1VogLi6sN6S95ilyT,Black Alien,6aCbXH85qN6xo54C7atSMx,177077,2Kk7b7iKXhFETUvKD4LaHS,Vai Baby,62,0.22,0.697,0.58,0.0,7,0.0824,-7.388,1,0.299,82.004,0.546
Abaixo de Zero: Hello Hell,0d9km1VogLi6sN6S95ilyT,Black Alien,6aCbXH85qN6xo54C7atSMx,211363,6EHOyqVSyd8JRmQniT721T,Que Nem o Meu Cachorro,60,0.378,0.726,0.649,9.34e-06,2,0.0673,-8.97,1,0.442,176.043,0.171
Abaixo de Zero: Hello Hell,0d9km1VogLi6sN6S95ilyT,Black Alien,6aCbXH85qN6xo54C7atSMx,153191,33KkhOpxBmBr2Jor1gs11d,Take Ten,59,0.478,0.874,0.685,0.00175,4,0.105,-5.819,0,0.236,93.996,0.505
Abaixo de Zero: Hello Hell,0d9km1VogLi6sN6S95ilyT,Black Alien,6aCbXH85qN6xo54C7atSMx,207272,3L3uxLbJUDqr2bM7CGlZVJ,Au Revoir,57,0.364,0.796,0.496,0.238,1,0.114,-9.257,1,0.224,87.98,0.572
Abaixo de Zero: Hello Hell,0d9km1VogLi6sN6S95ilyT,Black Alien,6aCbXH85qN6xo54C7atSMx,164902,786H6CRL3H5WNPnkqTfnNX,Aniversário de Sobriedade,58,0.457,0.865,0.507,0.0144,11,0.121,-8.494,0,0.19,88.003,0.543
Abaixo de Zero: Hello Hell,0d9km1VogLi6sN6S95ilyT,Black Alien,6aCbXH85qN6xo54C7atSMx,178666,4WCWGO3byHsIZCCT3CtsBN,Jamais Serão,56,0.527,0.602,0.496,0.0,11,0.154,-6.683,1,0.469,125.32,0.324
Abaixo de Zero: Hello Hell,0d9km1VogLi6sN6S95ilyT,Black Alien,6aCbXH85qN6xo54C7atSMx,87005,2hnnQ338q1r258tZcafvEi,Capítulo Zero,54,0.865,0.604,0.479,0.0007,3,0.128,-7.025,0,0.469,79.172,0.542
"Once in a Long, Long While...",1ezGhx45UJ43xwOerZxwEM,Low Roar,5WoWlP0ihSFIxnppxjwSgE,373318,0cT9mUeMqJYnvubixdGU0b,Don't Be so Serious,18,0.209,0.557,0.566,0.42,9,0.112,-12.563,0,0.0424,129.987,0.117
"Once in a Long, Long While...",1ezGhx45UJ43xwOerZxwEM,Low Roar,5WoWlP0ihSFIxnppxjwSgE,169805,5WXPe3Ivbc2Ctas4L0NAVw,Bones,27,0.255,0.508,0.411,0.00981,11,0.162,-9.857,0,0.0386,69.995,0.353
"Once in a Long, Long While...",1ezGhx45UJ43xwOerZxwEM,Low Roar,5WoWlP0ihSFIxnppxjwSgE,221187,0MnNDklKDH3IPmVlki8UmN,St. Eriksplan,17,0.731,0.486,0.236,0.601,11,0.12,-12.606,0,0.0278,98.062,0.194
"Once in a Long, Long While...",1ezGhx45UJ43xwOerZxwEM,Low Roar,5WoWlP0ihSFIxnppxjwSgE,223484,4IIeSviNOY6hq6oxRQy6ZW,Give Me an Answer,24,0.277,0.542,0.488,0.000112,7,0.598,-8.739,1,0.0381,80.012,0.465
"Once in a Long, Long While...",1ezGhx45UJ43xwOerZxwEM,Low Roar,5WoWlP0ihSFIxnppxjwSgE,244838,4BJWOx95acWuCPDXKkKAuO,Waiting - 10 Years,17,0.636,0.587,0.489,0.257,7,0.115,-12.757,1,0.092,155.039,0.227
"Once in a Long, Long While...",1ezGhx45UJ43xwOerZxwEM,Low Roar,5WoWlP0ihSFIxnppxjwSgE,234074,0CaJaFTCuBgBF6EA0AcofC,Without You,24,0.94,0.237,0.07,0.025,0,0.09,-19.499,1,0.0402,71.953,0.0557
"Once in a Long, Long While...",1ezGhx45UJ43xwOerZxwEM,Low Roar,5WoWlP0ihSFIxnppxjwSgE,253339,2g8eb8ib6WRZ4WOxGho5sk,Gosia,17,0.898,0.273,0.175,0.619,0,0.14,-17.349,1,0.0467,80.281,0.173
"Once in a Long, Long While...",1ezGhx45UJ43xwOerZxwEM,Low Roar,5WoWlP0ihSFIxnppxjwSgE,316524,1bXCUndJYecAu8YCpAgeHr,"Once in a Long, Long While...",13,0.00572,0.211,0.323,0.807,5,0.19,-10.452,1,0.0304,111.781,0.173
"Once in a Long, Long While...",1ezGhx45UJ43xwOerZxwEM,Low Roar,5WoWlP0ihSFIxnppxjwSgE,248687,1andFVcpbbxUDdcM0HTGrb,Crawl Back,13,0.813,0.129,0.298,0.978,6,0.272,-17.199,1,0.0368,90.633,0.0334
"Once in a Long, Long While...",1ezGhx45UJ43xwOerZxwEM,Low Roar,5WoWlP0ihSFIxnppxjwSgE,123099,5T04DuVCLWHvDSuZnGvk1R,Poznan,13,0.953,0.285,0.359,0.101,2,0.144,-15.167,0,0.0383,133.189,0.173
"Once in a Long, Long While...",1ezGhx45UJ43xwOerZxwEM,Low Roar,5WoWlP0ihSFIxnppxjwSgE,235047,3l7N7FzvpkIrv2PFkiiG1e,Miserably,13,0.963,0.126,0.1,0.433,7,0.0682,-19.24,1,0.0408,75.912,0.0713
"Once in a Long, Long While...",1ezGhx45UJ43xwOerZxwEM,Low Roar,5WoWlP0ihSFIxnppxjwSgE,324453,2sA7gpDtEt3YAvekqQhY4Y,13,15,0.959,0.264,0.0118,0.903,1,0.267,-28.244,1,0.0366,72.085,0.0453
Construção,7yrRo2o4XzDfv3mNnkPRE5,Chico Buarque,6tOsSffQQIXmK8TqsDck8t,198546,0iNom96XYENQmqpOwf04F2,Deus Lhe Pague,37,0.358,0.425,0.877,0.000141,0,0.324,-4.546,1,0.0405,144.697,0.582
Construção,7yrRo2o4XzDfv3mNnkPRE5,Chico Buarque,6tOsSffQQIXmK8TqsDck8t,168373,127twwy3iCo1xBRQHyWetU,Cotidiano,53,0.386,0.446,0.842,8.73e-06,7,0.0622,-5.099,0,0.0617,89.858,0.75
Construção,7yrRo2o4XzDfv3mNnkPRE5,Chico Buarque,6tOsSffQQIXmK8TqsDck8t,167413,0MoaSi9IqvlP2RPRn8Afm7,Desalento,35,0.28,0.484,0.711,0.004,10,0.169,-7.314,0,0.031,131.691,0.852
Construção,7yrRo2o4XzDfv3mNnkPRE5,Chico Buarque,6tOsSffQQIXmK8TqsDck8t,383626,3FIuBxOxuQ6kYy8JO0gq2a,Construção,57,0.212,0.476,0.741,1.91e-05,4,0.165,-5.504,0,0.0309,126.739,0.586
Construção,7yrRo2o4XzDfv3mNnkPRE5,Chico Buarque,6tOsSffQQIXmK8TqsDck8t,149480,1Zz26uUewyiMfQEKYgZ7oh,Cordao,35,0.352,0.53,0.723,0.000109,4,0.175,-9.134,1,0.035,75.8,0.814
Construção,7yrRo2o4XzDfv3mNnkPRE5,Chico Buarque,6tOsSffQQIXmK8TqsDck8t,236386,11lmp2S9QWfDIwr5Vl2KjR,Olha Maria,38,0.92,0.258,0.293,0.000476,0,0.311,-9.958,0,0.0305,102.895,0.096
Construção,7yrRo2o4XzDfv3mNnkPRE5,Chico Buarque,6tOsSffQQIXmK8TqsDck8t,159600,39HKNEpQz75dCJqDxH0xuD,Samba De Orly,39,0.0462,0.528,0.626,0.000149,0,0.246,-8.5,1,0.0929,103.786,0.746
Construção,7yrRo2o4XzDfv3mNnkPRE5,Chico Buarque,6tOsSffQQIXmK8TqsDck8t,119800,6BmiOymAiOcmThWDKLysFK,Valsinha,39,0.144,0.387,0.263,0.0,5,0.243,-11.922,0,0.0373,100.071,0.191
Construção,7yrRo2o4XzDfv3mNnkPRE5,Chico Buarque,6tOsSffQQIXmK8TqsDck8t,181306,4zkhHy9rojEZn3jarsPoFe,Minha Historia (Gesubambino),35,0.403,0.435,0.471,0.0,6,0.347,-7.218,0,0.0351,135.408,0.381
Construção,7yrRo2o4XzDfv3mNnkPRE5,Chico Buarque,6tOsSffQQIXmK8TqsDck8t,98866,7tAwx3iMgPQlciK4hjHNPL,Acalanto,31,0.844,0.178,0.258,0.000221,4,0.192,-11.148,0,0.0335,81.57,0.241
It's Time,1f9vWKabhNPNQnHLleExSh,Michael Bublé,1GxkXlMwML1oSg5eLPiAz3,237333,1AM8QdDFZMq6SrrqUnuQ9P,Feeling Good,70,0.533,0.535,0.548,1.48e-06,1,0.123,-6.51,1,0.037,115.144,0.477
It's Time,1f9vWKabhNPNQnHLleExSh,Michael Bublé,1GxkXlMwML1oSg5eLPiAz3,151533,4tOfFGuJWYXlUKAa6S6GTp,A Foggy Day (In London Town),43,0.427,0.403,0.53,0.0,6,0.543,-6.094,0,0.0423,149.191,0.619
It's Time,1f9vWKabhNPNQnHLleExSh,Michael Bublé,1GxkXlMwML1oSg5eLPiAz3,253973,41BxLqai6W39BVVAtzKSM1,You Don't Know Me,50,0.844,0.341,0.359,6.73e-05,0,0.103,-9.471,1,0.0356,185.064,0.301
It's Time,1f9vWKabhNPNQnHLleExSh,Michael Bublé,1GxkXlMwML1oSg5eLPiAz3,284373,14qF2dnsVGh5lOvD7E6wSm,"Quando, Quando, Quando (with Nelly Furtado)",60,0.778,0.643,0.427,9.49e-05,9,0.136,-9.196,1,0.0391,116.042,0.577
It's Time,1f9vWKabhNPNQnHLleExSh,Michael Bublé,1GxkXlMwML1oSg5eLPiAz3,225906,3lyLqIn8mybyEFTs8JJaLf,Home,72,0.844,0.608,0.37,1.87e-05,7,0.112,-9.207,1,0.0306,127.631,0.349
It's Time,1f9vWKabhNPNQnHLleExSh,Michael Bublé,1GxkXlMwML1oSg5eLPiAz3,194560,0vMFlnBBlh1PZLpKAWjH44,Can't Buy Me Love,43,0.552,0.401,0.598,0.0,10,0.342,-6.323,1,0.12,156.894,0.594
It's Time,1f9vWKabhNPNQnHLleExSh,Michael Bublé,1GxkXlMwML1oSg5eLPiAz3,227306,7DbqsBxxj4bUcEGiVUpk6m,The More I See You,43,0.21,0.483,0.38,0.0,8,0.21,-8.097,1,0.0391,118.177,0.372
It's Time,1f9vWKabhNPNQnHLleExSh,Michael Bublé,1GxkXlMwML1oSg5eLPiAz3,218613,3HKENICtez4Mz0tnUqpFIP,Save the Last Dance for Me,59,0.288,0.745,0.45,0.0,4,0.0538,-9.121,1,0.0354,133.952,0.807
It's Time,1f9vWKabhNPNQnHLleExSh,Michael Bublé,1GxkXlMwML1oSg5eLPiAz3,245666,1wiwNChjumfgxJ7MFX1rOC,Try a Little Tenderness,44,0.884,0.329,0.245,0.000182,2,0.188,-12.176,1,0.0359,112.809,0.14
It's Time,1f9vWKabhNPNQnHLleExSh,Michael Bublé,1GxkXlMwML1oSg5eLPiAz3,178666,0DVzogAcFqvyQbfiqwZjgB,How Sweet It Is,41,0.092,0.718,0.624,1.33e-06,7,0.119,-5.863,1,0.0843,132.998,0.297
It's Time,1f9vWKabhNPNQnHLleExSh,Michael Bublé,1GxkXlMwML1oSg5eLPiAz3,282266,0h5nNp2rYM8RK4q1TSeAvN,A Song for You (feat. Chris Botti),44,0.882,0.561,0.366,0.00282,5,0.129,-10.358,0,0.0391,110.539,0.306
It's Time,1f9vWKabhNPNQnHLleExSh,Michael Bublé,1GxkXlMwML1oSg5eLPiAz3,219933,03BrEhpXQHHyEMctjrtJTK,I've Got You Under My Skin,45,0.536,0.656,0.42,2.26e-06,3,0.11,-7.459,1,0.0442,127.853,0.42
It's Time,1f9vWKabhNPNQnHLleExSh,Michael Bublé,1GxkXlMwML1oSg5eLPiAz3,234866,64KhOoOJnNvijGs74xy6vu,You and I,54,0.9,0.334,0.135,0.000718,3,0.107,-12.601,1,0.0359,115.305,0.223
It's Time,1f9vWKabhNPNQnHLleExSh,Michael Bublé,1GxkXlMwML1oSg5eLPiAz3,221773,05BjbsGWP4UczpeL6ObGr4,Home - Remix,48,0.624,0.595,0.478,7.07e-05,7,0.19,-7.207,1,0.0276,131.689,0.167
It's Time,1f9vWKabhNPNQnHLleExSh,Michael Bublé,1GxkXlMwML1oSg5eLPiAz3,306333,5mB1ZxWnsTLcMiFymJpzV6,Feeling Good - Live,40,0.315,0.433,0.596,5.21e-05,3,0.944,-8.036,0,0.0441,122.125,0.211
Every Picture Tells A Story,4VykjLwkyfKMZVLrJJVrYh,Rod Stewart,2y8Jo9CKhJvtfeKOsYzRdT,359733,7cYuolexJpsjD91G6i7XIm,Every Picture Tells A Story,49,0.0574,0.546,0.859,0.0,7,0.0855,-9.745,1,0.0401,143.677,0.742
Every Picture Tells A Story,4VykjLwkyfKMZVLrJJVrYh,Rod Stewart,2y8Jo9CKhJvtfeKOsYzRdT,242173,51OBVi5ibdU7Wr4GjVW7lN,Seems Like A Long Time,33,0.641,0.522,0.51,0.000588,0,0.128,-12.5,1,0.0426,130.77,0.449
Every Picture Tells A Story,4VykjLwkyfKMZVLrJJVrYh,Rod Stewart,2y8Jo9CKhJvtfeKOsYzRdT,360826,1m6aymZ4u13p6GSiR8ul7i,That's All Right,34,0.688,0.358,0.706,3.48e-05,7,0.274,-12.126,1,0.133,168.426,0.298
Every Picture Tells A Story,4VykjLwkyfKMZVLrJJVrYh,Rod Stewart,2y8Jo9CKhJvtfeKOsYzRdT,228440,64Tb4aeVHFdjxpOp2X0uHn,Tomorrow Is A Long Time,35,0.706,0.417,0.296,0.000296,6,0.122,-13.083,1,0.0298,90.61,0.463
Every Picture Tells A Story,4VykjLwkyfKMZVLrJJVrYh,Rod Stewart,2y8Jo9CKhJvtfeKOsYzRdT,350266,6rovOdp3HgK1DeAMYDzoA7,Maggie May,73,0.559,0.605,0.574,0.113,2,0.0684,-10.536,1,0.0377,129.449,0.543
Every Picture Tells A Story,4VykjLwkyfKMZVLrJJVrYh,Rod Stewart,2y8Jo9CKhJvtfeKOsYzRdT,336560,4sWZwY8RQfK6Fc2pYC7tN1,Mandolin Wind,49,0.785,0.349,0.494,0.0655,4,0.066,-11.825,1,0.0342,157.777,0.342
Every Picture Tells A Story,4VykjLwkyfKMZVLrJJVrYh,Rod Stewart,2y8Jo9CKhJvtfeKOsYzRdT,323733,7s7ylhLGL0sV6TU9bzpN5S,(I Know) I'm Losing You,40,0.0848,0.392,0.801,0.201,7,0.121,-13.615,1,0.0597,106.702,0.442
Every Picture Tells A Story,4VykjLwkyfKMZVLrJJVrYh,Rod Stewart,2y8Jo9CKhJvtfeKOsYzRdT,250506,3rGuoVKM5CwEo7eHyeXYIB,(Find A) Reason To Believe,49,0.678,0.375,0.507,0.00139,7,0.26,-13.372,1,0.0414,138.216,0.475
Skylab,796WXNu8nXMv2mWvKwQ3Pq,Rogério Skylab,7nz8OOo3qPb9jvUp4WiTe8,209397,3OdCxmZWXEoBGnG2A5eQAt,Moto-Serra,19,0.358,0.675,0.3,2.98e-05,1,0.0332,-16.51,1,0.0494,130.031,0.134
Skylab,796WXNu8nXMv2mWvKwQ3Pq,Rogério Skylab,7nz8OOo3qPb9jvUp4WiTe8,277864,2g3veJ68xd610fApZP1gEx,Urubu,12,0.37,0.643,0.177,0.00191,0,0.0982,-17.618,1,0.0302,109.073,0.499
Skylab,796WXNu8nXMv2mWvKwQ3Pq,Rogério Skylab,7nz8OOo3qPb9jvUp4WiTe8,153391,0GMf5PepXa8VtTocE1oWSg,Matador de Passarinho,18,0.536,0.532,0.38,0.0157,6,0.111,-16.422,1,0.0577,133.564,0.686
Skylab,796WXNu8nXMv2mWvKwQ3Pq,Rogério Skylab,7nz8OOo3qPb9jvUp4WiTe8,231053,6RdrE0HDtmgCpK4gB0QjBJ,Matadouro das Almas,9,0.904,0.414,0.0767,0.00027,1,0.0657,-17.897,0,0.03,87.462,0.197
Skylab,796WXNu8nXMv2mWvKwQ3Pq,Rogério Skylab,7nz8OOo3qPb9jvUp4WiTe8,166530,61ArcK23yxbCoO9v0VtEiP,Derrame,11,0.0428,0.878,0.204,0.0275,1,0.103,-15.481,1,0.0735,127.924,0.875
Skylab,796WXNu8nXMv2mWvKwQ3Pq,Rogério Skylab,7nz8OOo3qPb9jvUp4WiTe8,185730,503ahufU3tFycY8pMukA2r,No Cemitério,6,0.0536,0.685,0.691,0.0,11,0.312,-12.107,0,0.0374,129.706,0.743
Skylab,796WXNu8nXMv2mWvKwQ3Pq,Rogério Skylab,7nz8OOo3qPb9jvUp4WiTe8,200620,2tvdxUP6LnA3a7b2UtAkwV,Funérea,11,0.0247,0.568,0.299,0.0,0,0.0764,-14.956,1,0.0577,120.086,0.561
Skylab,796WXNu8nXMv2mWvKwQ3Pq,Rogério Skylab,7nz8OOo3qPb9jvUp4WiTe8,255373,5T8AD35O9pNLE0gCT6fafu,Naquela Noite,13,0.925,0.415,0.104,1.4e-06,11,0.108,-19.093,1,0.0457,79.003,0.211
Skylab,796WXNu8nXMv2mWvKwQ3Pq,Rogério Skylab,7nz8OOo3qPb9jvUp4WiTe8,172695,6kECMLMiwJZ02dyZoYJHjz,Vampiro Mordido,5,0.664,0.346,0.377,2.39e-05,11,0.0947,-13.5,0,0.0363,84.551,0.194
Skylab,796WXNu8nXMv2mWvKwQ3Pq,Rogério Skylab,7nz8OOo3qPb9jvUp4WiTe8,225515,2z32XQNK0qHmFM5MGrohVQ,Pedigree,5,0.272,0.443,0.391,0.00159,1,0.112,-14.895,1,0.0502,154.415,0.427
Skylab,796WXNu8nXMv2mWvKwQ3Pq,Rogério Skylab,7nz8OOo3qPb9jvUp4WiTe8,210285,1voZKe2E7lxQN16SwJUEWb,Carne Humana,8,0.00674,0.716,0.532,0.00789,1,0.0803,-11.384,1,0.0803,80.549,0.546
Flat Earth Surf Club,1d4dSCqi3ecSouxrt2Wqvi,Goldwash,7yYa2im7sawSzuVkXx8W21,233351,68QeOeS4dOFx5uqo6JGiUx,My Own Devices,15,0.348,0.728,0.357,0.00621,8,0.0511,-9.742,1,0.0551,83.983,0.442
Flat Earth Surf Club,1d4dSCqi3ecSouxrt2Wqvi,Goldwash,7yYa2im7sawSzuVkXx8W21,240531,7FhDqg0c6YEmqRk3k8OnOS,You Don't Want to Feed the Fire Anymore,34,0.774,0.619,0.343,0.0184,4,0.232,-10.571,0,0.0601,82.811,0.252
Flat Earth Surf Club,1d4dSCqi3ecSouxrt2Wqvi,Goldwash,7yYa2im7sawSzuVkXx8W21,200175,10Do5aeomfFayeedWhEBAS,Over Again,33,0.712,0.734,0.366,0.028,5,0.11,-9.897,1,0.0326,91.093,0.25
Flat Earth Surf Club,1d4dSCqi3ecSouxrt2Wqvi,Goldwash,7yYa2im7sawSzuVkXx8W21,106498,5uscuK8FcezgMUqU9JEucI,"Flat Earth Surfing, Pt. 1",12,0.917,0.545,0.0916,1.55e-05,9,0.161,-19.311,1,0.0926,119.982,0.24
Flat Earth Surf Club,1d4dSCqi3ecSouxrt2Wqvi,Goldwash,7yYa2im7sawSzuVkXx8W21,175000,30OAmgnRDc5GMwYTCIa1vc,Set in Motion,17,0.527,0.656,0.28,0.00046,1,0.103,-9.575,0,0.0573,136.003,0.447
Flat Earth Surf Club,1d4dSCqi3ecSouxrt2Wqvi,Goldwash,7yYa2im7sawSzuVkXx8W21,191135,3UjYUalWDuUP8CQWof6Eut,Patience,14,0.262,0.821,0.497,0.00602,11,0.0933,-8.968,1,0.151,92.992,0.685
Flat Earth Surf Club,1d4dSCqi3ecSouxrt2Wqvi,Goldwash,7yYa2im7sawSzuVkXx8W21,190795,0vs9giGWpudsETKWVEq7yb,Rip,15,0.358,0.841,0.532,0.00534,1,0.0494,-8.857,1,0.0553,97.985,0.79
Flat Earth Surf Club,1d4dSCqi3ecSouxrt2Wqvi,Goldwash,7yYa2im7sawSzuVkXx8W21,64417,40gDoj6CHqP92Ge3gaCw5I,"Flat Earth Surfing, Pt. 2",11,0.178,0.761,0.407,0.9,0,0.4,-12.043,0,0.207,162.097,0.795
Flat Earth Surf Club,1d4dSCqi3ecSouxrt2Wqvi,Goldwash,7yYa2im7sawSzuVkXx8W21,270545,0LN0LVgtnLDrhs0lBq8kVZ,That Buzz,19,0.548,0.86,0.287,6.35e-05,10,0.117,-9.578,1,0.0618,138.019,0.568
Flat Earth Surf Club,1d4dSCqi3ecSouxrt2Wqvi,Goldwash,7yYa2im7sawSzuVkXx8W21,216014,03w8hctQp4Dz3pgXctrlu2,It's My Mess,13,0.385,0.823,0.371,0.255,11,0.104,-8.886,1,0.0608,173.946,0.569
Flat Earth Surf Club,1d4dSCqi3ecSouxrt2Wqvi,Goldwash,7yYa2im7sawSzuVkXx8W21,151365,55sDWyIFP3sIwTaiztbQqA,Only for a Little While,12,0.913,0.295,0.0616,7.9e-05,0,0.15,-16.651,1,0.0385,87.052,0.186
